"","year","ccode","civilwar"
"1",1946,145,1
"3",1947,145,1
"4",1948,145,1
"5",1949,145,1
"6",1950,145,1
"7",1951,145,1
"8",1952,145,1
"16",1953,145,1
"17",1954,145,1
"18",1955,145,1
"19",1956,145,1
"20",1957,145,1
"21",1958,145,1
"22",1959,145,1
"23",1960,145,1
"24",1961,145,1
"25",1962,145,1
"26",1963,145,1
"27",1964,145,1
"28",1965,145,1
"29",1966,145,1
"30",1967,145,1
"31",1946,710,1
"32",1947,710,1
"33",1948,710,1
"34",1949,710,1
"35",1950,710,1
"36",1951,710,1
"37",1952,710,1
"38",1953,710,1
"39",1954,710,1
"40",1955,710,1
"41",1956,710,1
"42",1957,710,1
"43",1958,710,1
"44",1959,710,1
"45",1960,710,1
"46",1961,710,1
"47",1962,710,1
"48",1963,710,1
"49",1964,710,1
"50",1965,710,1
"51",1966,710,1
"52",1967,710,1
"53",1968,710,1
"54",1969,710,1
"55",1970,710,1
"56",1971,710,1
"57",1972,710,1
"58",1973,710,1
"59",1974,710,1
"60",1975,710,1
"61",1976,710,1
"62",1977,710,1
"63",1978,710,1
"64",1979,710,1
"65",1980,710,1
"66",1981,710,1
"67",1982,710,1
"68",1983,710,1
"69",1984,710,1
"70",1985,710,1
"71",1986,710,1
"72",1987,710,1
"73",1988,710,1
"74",1989,710,1
"75",1990,710,1
"76",1991,710,1
"77",1992,710,1
"78",1993,710,1
"79",1994,710,1
"80",1995,710,1
"81",1996,710,1
"82",1997,710,1
"83",1998,710,1
"84",1999,710,1
"85",2000,710,1
"86",2001,710,1
"87",2002,710,1
"88",2003,710,1
"89",2004,710,1
"90",2005,710,1
"91",2006,710,1
"92",2007,710,1
"93",2008,710,1
"94",2009,710,1
"95",2010,710,1
"96",2011,710,1
"97",2012,710,1
"98",2013,710,1
"99",2014,710,1
"100",2015,710,1
"101",2016,710,1
"106",1946,350,1
"107",1947,350,1
"108",1948,350,1
"109",1949,350,1
"110",1950,350,1
"111",1951,350,1
"112",1952,350,1
"113",1953,350,1
"114",1954,350,1
"115",1955,350,1
"116",1956,350,1
"117",1957,350,1
"118",1958,350,1
"119",1959,350,1
"120",1960,350,1
"121",1961,350,1
"122",1962,350,1
"123",1963,350,1
"124",1964,350,1
"125",1965,350,1
"126",1966,350,1
"127",1967,350,1
"128",1968,350,1
"129",1969,350,1
"130",1970,350,1
"131",1971,350,1
"132",1972,350,1
"133",1973,350,1
"134",1974,350,1
"135",1975,350,1
"136",1976,350,1
"137",1977,350,1
"138",1978,350,1
"139",1979,350,1
"140",1980,350,1
"141",1981,350,1
"142",1982,350,1
"143",1983,350,1
"144",1984,350,1
"145",1985,350,1
"146",1986,350,1
"147",1987,350,1
"148",1988,350,1
"149",1989,350,1
"150",1990,350,1
"151",1991,350,1
"152",1992,350,1
"153",1993,350,1
"154",1994,350,1
"155",1995,350,1
"156",1996,350,1
"157",1997,350,1
"158",1998,350,1
"159",1999,350,1
"160",2000,350,1
"161",2001,350,1
"162",2002,350,1
"163",2003,350,1
"164",2004,350,1
"165",2005,350,1
"166",2006,350,1
"167",2007,350,1
"168",2008,350,1
"169",2009,350,1
"170",2010,350,1
"171",2011,350,1
"172",2012,350,1
"173",2013,350,1
"174",2014,350,1
"175",2015,350,1
"176",2016,350,1
"181",1946,630,1
"183",1947,630,1
"184",1948,630,1
"185",1949,630,1
"186",1950,630,1
"187",1951,630,1
"188",1952,630,1
"189",1953,630,1
"190",1954,630,1
"191",1955,630,1
"192",1956,630,1
"193",1957,630,1
"194",1958,630,1
"195",1959,630,1
"196",1960,630,1
"197",1961,630,1
"198",1962,630,1
"199",1963,630,1
"200",1964,630,1
"201",1965,630,1
"202",1966,630,1
"203",1967,630,1
"204",1968,630,1
"205",1969,630,1
"206",1970,630,1
"207",1971,630,1
"208",1972,630,1
"209",1973,630,1
"210",1974,630,1
"211",1975,630,1
"212",1976,630,1
"213",1977,630,1
"214",1978,630,1
"215",1979,630,1
"216",1980,630,1
"217",1981,630,1
"218",1982,630,1
"219",1983,630,1
"220",1984,630,1
"221",1985,630,1
"222",1986,630,1
"223",1987,630,1
"224",1988,630,1
"225",1989,630,1
"226",1990,630,1
"227",1991,630,1
"228",1992,630,1
"229",1993,630,1
"230",1994,630,1
"231",1995,630,1
"232",1996,630,1
"233",1997,630,1
"234",1998,630,1
"235",1999,630,1
"236",2000,630,1
"237",2001,630,1
"238",2002,630,1
"239",2003,630,1
"240",2004,630,1
"241",2005,630,1
"242",2006,630,1
"243",2007,630,1
"244",2008,630,1
"245",2009,630,1
"246",2010,630,1
"247",2011,630,1
"248",2012,630,1
"249",2013,630,1
"250",2014,630,1
"251",2015,630,1
"252",2016,630,1
"463",1945,630,1
"465",1946,840,1
"466",1947,840,1
"467",1948,840,1
"468",1949,840,1
"469",1950,840,1
"470",1951,840,1
"471",1952,840,1
"472",1953,840,1
"473",1954,840,1
"474",1955,840,1
"475",1956,840,1
"476",1957,840,1
"477",1958,840,1
"478",1959,840,1
"479",1960,840,1
"480",1961,840,1
"481",1962,840,1
"482",1963,840,1
"483",1964,840,1
"484",1965,840,1
"485",1966,840,1
"486",1967,840,1
"487",1968,840,1
"488",1969,840,1
"489",1970,840,1
"490",1971,840,1
"491",1972,840,1
"492",1973,840,1
"493",1974,840,1
"494",1975,840,1
"495",1976,840,1
"496",1977,840,1
"497",1978,840,1
"498",1979,840,1
"499",1980,840,1
"500",1981,840,1
"501",1982,840,1
"502",1983,840,1
"503",1984,840,1
"504",1985,840,1
"505",1986,840,1
"506",1987,840,1
"507",1988,840,1
"508",1989,840,1
"509",1990,840,1
"510",1991,840,1
"511",1992,840,1
"512",1993,840,1
"513",1994,840,1
"514",1995,840,1
"515",1996,840,1
"516",1997,840,1
"517",1998,840,1
"518",1999,840,1
"519",2000,840,1
"520",2001,840,1
"521",2002,840,1
"522",2003,840,1
"523",2004,840,1
"524",2005,840,1
"525",2006,840,1
"526",2007,840,1
"527",2008,840,1
"528",2009,840,1
"529",2010,840,1
"530",2011,840,1
"531",2012,840,1
"532",2013,840,1
"533",2014,840,1
"534",2015,840,1
"535",2016,840,1
"647",1944,365,1
"648",1945,365,1
"649",1946,365,1
"650",1947,365,1
"651",1948,365,1
"652",1949,365,1
"653",1950,365,1
"654",1951,365,1
"655",1952,365,1
"656",1953,365,1
"657",1954,365,1
"658",1955,365,1
"659",1956,365,1
"660",1957,365,1
"661",1958,365,1
"662",1959,365,1
"663",1960,365,1
"664",1961,365,1
"665",1962,365,1
"666",1963,365,1
"667",1964,365,1
"668",1965,365,1
"669",1966,365,1
"670",1967,365,1
"671",1968,365,1
"672",1969,365,1
"673",1970,365,1
"674",1971,365,1
"675",1972,365,1
"676",1973,365,1
"677",1974,365,1
"678",1975,365,1
"679",1976,365,1
"680",1977,365,1
"681",1978,365,1
"682",1979,365,1
"683",1980,365,1
"684",1981,365,1
"685",1982,365,1
"686",1983,365,1
"687",1984,365,1
"688",1985,365,1
"689",1986,365,1
"690",1987,365,1
"691",1988,365,1
"692",1989,365,1
"693",1990,365,1
"694",1991,365,1
"695",1992,365,1
"696",1993,365,1
"697",1994,365,1
"698",1995,365,1
"699",1996,365,1
"700",1997,365,1
"701",1998,365,1
"702",1999,365,1
"703",2000,365,1
"704",2001,365,1
"705",2002,365,1
"706",2003,365,1
"707",2004,365,1
"708",2005,365,1
"709",2006,365,1
"710",2007,365,1
"711",2008,365,1
"712",2009,365,1
"713",2010,365,1
"714",2011,365,1
"715",2012,365,1
"716",2013,365,1
"717",2014,365,1
"718",2015,365,1
"719",2016,365,1
"801",1941,365,1
"802",1942,365,1
"803",1943,365,1
"888",1947,150,1
"890",1948,150,1
"891",1949,150,1
"892",1950,150,1
"893",1951,150,1
"894",1952,150,1
"895",1953,150,1
"896",1954,150,1
"905",1955,150,1
"906",1956,150,1
"907",1957,150,1
"908",1958,150,1
"909",1959,150,1
"910",1960,150,1
"911",1961,150,1
"912",1962,150,1
"913",1963,150,1
"914",1964,150,1
"915",1965,150,1
"916",1966,150,1
"917",1967,150,1
"918",1968,150,1
"919",1969,150,1
"920",1970,150,1
"921",1971,150,1
"922",1972,150,1
"923",1973,150,1
"924",1974,150,1
"925",1975,150,1
"926",1976,150,1
"927",1977,150,1
"928",1978,150,1
"929",1979,150,1
"930",1980,150,1
"931",1981,150,1
"932",1982,150,1
"933",1983,150,1
"934",1984,150,1
"935",1985,150,1
"936",1986,150,1
"937",1987,150,1
"938",1988,150,1
"939",1989,150,1
"940",1948,775,1
"941",1949,775,1
"942",1950,775,1
"943",1951,775,1
"944",1952,775,1
"945",1953,775,1
"946",1954,775,1
"947",1955,775,1
"948",1956,775,1
"949",1957,775,1
"950",1958,775,1
"951",1959,775,1
"952",1960,775,1
"953",1961,775,1
"954",1962,775,1
"955",1963,775,1
"956",1964,775,1
"957",1965,775,1
"958",1966,775,1
"959",1967,775,1
"960",1968,775,1
"961",1969,775,1
"962",1970,775,1
"963",1971,775,1
"964",1972,775,1
"965",1973,775,1
"966",1974,775,1
"967",1975,775,1
"968",1976,775,1
"969",1977,775,1
"970",1978,775,1
"971",1979,775,1
"972",1980,775,1
"973",1981,775,1
"974",1982,775,1
"975",1983,775,1
"976",1984,775,1
"977",1985,775,1
"978",1986,775,1
"979",1987,775,1
"980",1988,775,1
"981",1989,775,1
"982",1990,775,1
"983",1991,775,1
"984",1992,775,1
"985",1993,775,1
"986",1994,775,1
"987",1995,775,1
"988",1996,775,1
"989",1997,775,1
"990",1998,775,1
"991",1999,775,1
"992",2000,775,1
"993",2001,775,1
"994",2002,775,1
"995",2003,775,1
"996",2004,775,1
"997",2005,775,1
"998",2006,775,1
"999",2007,775,1
"1000",2008,775,1
"1001",2009,775,1
"1002",2010,775,1
"1003",2011,775,1
"1004",2012,775,1
"1005",2013,775,1
"1006",2014,775,1
"1007",2015,775,1
"1008",2016,775,1
"1568",1948,94,1
"1569",1948,750,1
"1570",1949,750,1
"1571",1950,750,1
"1572",1951,750,1
"1573",1952,750,1
"1574",1953,750,1
"1575",1954,750,1
"1576",1955,750,1
"1577",1956,750,1
"1578",1957,750,1
"1579",1958,750,1
"1580",1959,750,1
"1581",1960,750,1
"1582",1961,750,1
"1583",1962,750,1
"1584",1963,750,1
"1585",1964,750,1
"1586",1965,750,1
"1587",1966,750,1
"1588",1967,750,1
"1589",1968,750,1
"1590",1969,750,1
"1591",1970,750,1
"1592",1971,750,1
"1593",1972,750,1
"1594",1973,750,1
"1595",1974,750,1
"1596",1975,750,1
"1597",1976,750,1
"1598",1977,750,1
"1599",1978,750,1
"1600",1979,750,1
"1601",1980,750,1
"1602",1981,750,1
"1603",1982,750,1
"1604",1983,750,1
"1605",1984,750,1
"1606",1985,750,1
"1607",1986,750,1
"1608",1987,750,1
"1609",1988,750,1
"1610",1989,750,1
"1611",1990,750,1
"1612",1991,750,1
"1613",1992,750,1
"1614",1993,750,1
"1615",1994,750,1
"1616",1995,750,1
"1617",1996,750,1
"1618",1997,750,1
"1619",1998,750,1
"1620",1999,750,1
"1621",2000,750,1
"1622",2001,750,1
"1623",2002,750,1
"1624",2003,750,1
"1625",2004,750,1
"1626",2005,750,1
"1627",2006,750,1
"1628",2007,750,1
"1629",2008,750,1
"1630",2009,750,1
"1631",2010,750,1
"1632",2011,750,1
"1633",2012,750,1
"1634",2013,750,1
"1635",2014,750,1
"1636",2015,750,1
"1637",2016,750,1
"1713",1948,678,1
"1715",1949,678,1
"1716",1950,678,1
"1717",1951,678,1
"1718",1952,678,1
"1719",1953,678,1
"1720",1954,678,1
"1721",1955,678,1
"1722",1956,678,1
"1723",1957,678,1
"1724",1958,678,1
"1725",1959,678,1
"1726",1960,678,1
"1727",1961,678,1
"1728",1962,678,1
"1729",1963,678,1
"1730",1964,678,1
"1731",1965,678,1
"1732",1966,678,1
"1733",1967,678,1
"1734",1968,678,1
"1735",1969,678,1
"1736",1970,678,1
"1737",1971,678,1
"1738",1972,678,1
"1739",1973,678,1
"1740",1974,678,1
"1741",1975,678,1
"1742",1976,678,1
"1743",1977,678,1
"1744",1978,678,1
"1745",1979,678,1
"1746",1980,678,1
"1747",1981,678,1
"1748",1982,678,1
"1749",1983,678,1
"1750",1984,678,1
"1751",1985,678,1
"1752",1986,678,1
"1753",1987,678,1
"1754",1988,678,1
"1755",1989,678,1
"1756",1990,678,1
"1757",1991,678,1
"1758",1992,678,1
"1759",1993,678,1
"1760",1994,678,1
"1761",1995,678,1
"1762",1996,678,1
"1763",1997,678,1
"1764",1998,678,1
"1765",1999,678,1
"1766",2000,678,1
"1767",2001,678,1
"1768",2002,678,1
"1769",2003,678,1
"1770",2004,678,1
"1771",2005,678,1
"1772",2006,678,1
"1773",2007,678,1
"1774",2008,678,1
"1775",2009,678,1
"1776",2010,678,1
"1777",2011,678,1
"1778",2012,678,1
"1779",2013,678,1
"1780",2014,678,1
"1781",2015,678,1
"1782",2016,678,1
"2024",1949,90,1
"2026",1950,90,1
"2027",1951,90,1
"2028",1952,90,1
"2029",1953,90,1
"2030",1954,90,1
"2037",1955,90,1
"2038",1956,90,1
"2039",1957,90,1
"2040",1958,90,1
"2041",1959,90,1
"2042",1960,90,1
"2043",1961,90,1
"2044",1962,90,1
"2045",1963,90,1
"2061",1964,90,1
"2062",1965,90,1
"2063",1966,90,1
"2064",1967,90,1
"2065",1968,90,1
"2066",1969,90,1
"2067",1970,90,1
"2068",1971,90,1
"2069",1972,90,1
"2070",1973,90,1
"2071",1974,90,1
"2072",1975,90,1
"2073",1976,90,1
"2074",1977,90,1
"2075",1978,90,1
"2076",1979,90,1
"2077",1980,90,1
"2078",1981,90,1
"2079",1982,90,1
"2080",1983,90,1
"2081",1984,90,1
"2082",1985,90,1
"2083",1986,90,1
"2084",1987,90,1
"2085",1988,90,1
"2086",1989,90,1
"2087",1990,90,1
"2088",1991,90,1
"2089",1992,90,1
"2090",1993,90,1
"2091",1994,90,1
"2092",1995,90,1
"2093",1996,90,1
"2094",1997,90,1
"2095",1998,90,1
"2096",1999,90,1
"2097",2000,90,1
"2098",2001,90,1
"2099",2002,90,1
"2100",2003,90,1
"2101",2004,90,1
"2102",2005,90,1
"2103",2006,90,1
"2104",2007,90,1
"2105",2008,90,1
"2106",2009,90,1
"2107",2010,90,1
"2108",2011,90,1
"2109",2012,90,1
"2110",2013,90,1
"2111",2014,90,1
"2112",2015,90,1
"2113",2016,90,1
"2161",1948,666,1
"2162",1949,666,1
"2163",1950,666,1
"2164",1951,666,1
"2165",1952,666,1
"2166",1953,666,1
"2167",1954,666,1
"2168",1955,666,1
"2169",1956,666,1
"2170",1957,666,1
"2171",1958,666,1
"2172",1959,666,1
"2173",1960,666,1
"2174",1961,666,1
"2175",1962,666,1
"2176",1963,666,1
"2177",1964,666,1
"2178",1965,666,1
"2179",1966,666,1
"2180",1967,666,1
"2181",1968,666,1
"2182",1969,666,1
"2183",1970,666,1
"2184",1971,666,1
"2185",1972,666,1
"2186",1973,666,1
"2187",1974,666,1
"2188",1975,666,1
"2189",1976,666,1
"2190",1977,666,1
"2191",1978,666,1
"2192",1979,666,1
"2193",1980,666,1
"2194",1981,666,1
"2195",1982,666,1
"2196",1983,666,1
"2197",1984,666,1
"2198",1985,666,1
"2199",1986,666,1
"2200",1987,666,1
"2201",1988,666,1
"2202",1989,666,1
"2203",1990,666,1
"2204",1991,666,1
"2205",1992,666,1
"2206",1993,666,1
"2207",1994,666,1
"2208",1995,666,1
"2209",1996,666,1
"2210",1997,666,1
"2211",1998,666,1
"2212",1999,666,1
"2213",2000,666,1
"2214",2001,666,1
"2215",2002,666,1
"2216",2003,666,1
"2217",2004,666,1
"2218",2005,666,1
"2219",2006,666,1
"2220",2007,666,1
"2221",2008,666,1
"2222",2009,666,1
"2223",2010,666,1
"2224",2011,666,1
"2225",2012,666,1
"2226",2013,666,1
"2227",2014,666,1
"2228",2015,666,1
"2229",2016,666,1
"2498",1950,850,1
"2499",1951,800,1
"2501",1952,800,1
"2502",1953,800,1
"2503",1954,800,1
"2504",1955,800,1
"2505",1956,800,1
"2506",1957,800,1
"2507",1958,800,1
"2508",1959,800,1
"2509",1960,800,1
"2510",1961,800,1
"2511",1962,800,1
"2512",1963,800,1
"2513",1964,800,1
"2514",1965,800,1
"2515",1966,800,1
"2516",1967,800,1
"2517",1968,800,1
"2518",1969,800,1
"2519",1970,800,1
"2520",1971,800,1
"2521",1972,800,1
"2522",1973,800,1
"2523",1974,800,1
"2524",1975,800,1
"2525",1976,800,1
"2526",1977,800,1
"2527",1978,800,1
"2528",1979,800,1
"2529",1980,800,1
"2530",1981,800,1
"2531",1982,800,1
"2532",1983,800,1
"2533",1984,800,1
"2534",1985,800,1
"2535",1986,800,1
"2536",1987,800,1
"2537",1988,800,1
"2538",1989,800,1
"2539",1990,800,1
"2540",1991,800,1
"2541",1992,800,1
"2542",1993,800,1
"2543",1994,800,1
"2544",1995,800,1
"2545",1996,800,1
"2546",1997,800,1
"2547",1998,800,1
"2548",1999,800,1
"2549",2000,800,1
"2550",2001,800,1
"2551",2002,800,1
"2552",2003,800,1
"2553",2004,800,1
"2554",2005,800,1
"2555",2006,800,1
"2556",2007,800,1
"2557",2008,800,1
"2558",2009,800,1
"2559",2010,800,1
"2560",2011,800,1
"2561",2012,800,1
"2562",2013,800,1
"2563",2014,800,1
"2564",2015,800,1
"2565",2016,800,1
"2598",1953,40,1
"2600",1954,40,1
"2601",1955,40,1
"2602",1956,40,1
"2603",1957,40,1
"2604",1958,40,1
"2605",1959,40,1
"2606",1960,40,1
"2607",1961,40,1
"2608",1962,40,1
"2609",1963,40,1
"2610",1964,40,1
"2611",1965,40,1
"2612",1966,40,1
"2613",1967,40,1
"2614",1968,40,1
"2615",1969,40,1
"2616",1970,40,1
"2617",1971,40,1
"2618",1972,40,1
"2619",1973,40,1
"2620",1974,40,1
"2621",1975,40,1
"2622",1976,40,1
"2623",1977,40,1
"2624",1978,40,1
"2625",1979,40,1
"2626",1980,40,1
"2627",1981,40,1
"2628",1982,40,1
"2629",1983,40,1
"2630",1984,40,1
"2631",1985,40,1
"2632",1986,40,1
"2633",1987,40,1
"2634",1988,40,1
"2635",1989,40,1
"2636",1990,40,1
"2637",1991,40,1
"2638",1992,40,1
"2639",1993,40,1
"2640",1994,40,1
"2641",1995,40,1
"2642",1996,40,1
"2643",1997,40,1
"2644",1998,40,1
"2645",1999,40,1
"2646",2000,40,1
"2647",2001,40,1
"2648",2002,40,1
"2649",2003,40,1
"2650",2004,40,1
"2651",2005,40,1
"2652",2006,40,1
"2653",2007,40,1
"2654",2008,40,1
"2655",2009,40,1
"2656",2010,40,1
"2657",2011,40,1
"2658",2012,40,1
"2659",2013,40,1
"2660",2014,40,1
"2661",2015,40,1
"2662",2016,40,1
"2678",1953,850,1
"2680",1954,850,1
"2681",1955,850,1
"2682",1956,850,1
"2683",1957,850,1
"2684",1958,850,1
"2685",1959,850,1
"2686",1960,850,1
"2687",1961,850,1
"2688",1962,850,1
"2689",1963,850,1
"2690",1964,850,1
"2691",1965,850,1
"2692",1966,850,1
"2693",1967,850,1
"2694",1968,850,1
"2695",1969,850,1
"2696",1970,850,1
"2697",1971,850,1
"2698",1972,850,1
"2699",1973,850,1
"2700",1974,850,1
"2701",1975,850,1
"2702",1976,850,1
"2703",1977,850,1
"2704",1978,850,1
"2705",1979,850,1
"2706",1980,850,1
"2707",1981,850,1
"2708",1982,850,1
"2709",1983,850,1
"2710",1984,850,1
"2711",1985,850,1
"2712",1986,850,1
"2713",1987,850,1
"2714",1988,850,1
"2715",1989,850,1
"2716",1990,850,1
"2717",1991,850,1
"2718",1992,850,1
"2719",1993,850,1
"2720",1994,850,1
"2721",1995,850,1
"2722",1996,850,1
"2723",1997,850,1
"2724",1998,850,1
"2725",1999,850,1
"2726",2000,850,1
"2727",2001,850,1
"2728",2002,850,1
"2729",2003,850,1
"2730",2004,850,1
"2731",2005,850,1
"2732",2006,850,1
"2733",2007,850,1
"2734",2008,850,1
"2735",2009,850,1
"2736",2010,850,1
"2737",2011,850,1
"2738",2012,850,1
"2739",2013,850,1
"2740",2014,850,1
"2741",2015,850,1
"2742",2016,850,1
"2752",1955,160,1
"2754",1956,160,1
"2755",1957,160,1
"2756",1958,160,1
"2757",1959,160,1
"2758",1960,160,1
"2759",1961,160,1
"2760",1962,160,1
"2761",1963,160,1
"2771",1964,160,1
"2772",1965,160,1
"2773",1966,160,1
"2774",1967,160,1
"2775",1968,160,1
"2776",1969,160,1
"2777",1970,160,1
"2778",1971,160,1
"2779",1972,160,1
"2780",1973,160,1
"2781",1974,160,1
"2782",1975,160,1
"2783",1976,160,1
"2784",1977,160,1
"2785",1978,160,1
"2786",1979,160,1
"2787",1980,160,1
"2788",1981,160,1
"2789",1982,160,1
"2790",1983,160,1
"2791",1984,160,1
"2792",1985,160,1
"2793",1986,160,1
"2794",1987,160,1
"2795",1988,160,1
"2796",1989,160,1
"2797",1990,160,1
"2798",1991,160,1
"2799",1992,160,1
"2800",1993,160,1
"2801",1994,160,1
"2802",1995,160,1
"2803",1996,160,1
"2804",1997,160,1
"2805",1998,160,1
"2806",1999,160,1
"2807",2000,160,1
"2808",2001,160,1
"2809",2002,160,1
"2810",2003,160,1
"2811",2004,160,1
"2812",2005,160,1
"2813",2006,160,1
"2814",2007,160,1
"2815",2008,160,1
"2816",2009,160,1
"2817",2010,160,1
"2818",2011,160,1
"2819",2012,160,1
"2820",2013,160,1
"2821",2014,160,1
"2822",2015,160,1
"2823",2016,160,1
"2847",1955,817,1
"2848",1956,817,1
"2849",1957,817,1
"2850",1958,817,1
"2851",1959,817,1
"2852",1960,817,1
"2853",1961,817,1
"2854",1962,817,1
"2855",1963,817,1
"2856",1964,817,1
"2857",1965,817,1
"2858",1966,817,1
"2859",1967,817,1
"2860",1968,817,1
"2861",1969,817,1
"2862",1970,817,1
"2863",1971,817,1
"2864",1972,817,1
"2865",1973,817,1
"2866",1974,817,1
"2867",1975,817,1
"2868",1976,817,1
"2869",1977,817,1
"2870",1978,817,1
"2871",1979,817,1
"2872",1980,817,1
"2873",1981,817,1
"2874",1982,817,1
"2875",1983,817,1
"2876",1984,817,1
"2877",1985,817,1
"2878",1986,817,1
"2879",1987,817,1
"2880",1988,817,1
"2881",1989,817,1
"2882",1990,817,1
"2883",1991,817,1
"2884",1992,817,1
"2885",1993,817,1
"2886",1994,817,1
"2887",1995,817,1
"2888",1996,817,1
"2889",1997,817,1
"2890",1998,817,1
"2891",1999,817,1
"2892",2000,817,1
"2893",2001,817,1
"2894",2002,817,1
"2895",2003,817,1
"2896",2004,817,1
"2897",2005,817,1
"2898",2006,817,1
"2899",2007,817,1
"2900",2008,817,1
"2901",2009,817,1
"2902",2010,817,1
"2903",2011,817,1
"2904",2012,817,1
"2905",2013,817,1
"2906",2014,817,1
"2907",2015,817,1
"2908",2016,817,1
"3308",1957,698,1
"3309",1958,645,1
"3310",1959,645,1
"3311",1960,645,1
"3312",1961,645,1
"3313",1962,645,1
"3314",1963,645,1
"3315",1964,645,1
"3316",1965,645,1
"3317",1966,645,1
"3318",1967,645,1
"3319",1968,645,1
"3320",1969,645,1
"3321",1970,645,1
"3322",1971,645,1
"3323",1972,645,1
"3324",1973,645,1
"3325",1974,645,1
"3326",1975,645,1
"3327",1976,645,1
"3328",1977,645,1
"3329",1978,645,1
"3330",1979,645,1
"3331",1980,645,1
"3332",1981,645,1
"3333",1982,645,1
"3334",1983,645,1
"3335",1984,645,1
"3336",1985,645,1
"3337",1986,645,1
"3338",1987,645,1
"3339",1988,645,1
"3340",1989,645,1
"3341",1990,645,1
"3342",1991,645,1
"3343",1992,645,1
"3344",1993,645,1
"3345",1994,645,1
"3346",1995,645,1
"3347",1996,645,1
"3348",1997,645,1
"3349",1998,645,1
"3350",1999,645,1
"3351",2000,645,1
"3352",2001,645,1
"3353",2002,645,1
"3354",2003,645,1
"3355",2004,645,1
"3356",2005,645,1
"3357",2006,645,1
"3358",2007,645,1
"3359",2008,645,1
"3360",2009,645,1
"3361",2010,645,1
"3362",2011,645,1
"3363",2012,645,1
"3364",2013,645,1
"3365",2014,645,1
"3366",2015,645,1
"3367",2016,645,1
"3531",1958,660,1
"3533",1959,660,1
"3534",1960,660,1
"3535",1961,660,1
"3536",1962,660,1
"3537",1963,660,1
"3538",1964,660,1
"3539",1965,660,1
"3540",1966,660,1
"3541",1967,660,1
"3542",1968,660,1
"3543",1969,660,1
"3544",1970,660,1
"3545",1971,660,1
"3546",1972,660,1
"3547",1973,660,1
"3548",1974,660,1
"3549",1975,660,1
"3550",1976,660,1
"3551",1977,660,1
"3552",1978,660,1
"3553",1979,660,1
"3554",1980,660,1
"3555",1981,660,1
"3556",1982,660,1
"3557",1983,660,1
"3558",1984,660,1
"3559",1985,660,1
"3560",1986,660,1
"3561",1987,660,1
"3562",1988,660,1
"3563",1989,660,1
"3564",1990,660,1
"3565",1991,660,1
"3566",1992,660,1
"3567",1993,660,1
"3568",1994,660,1
"3569",1995,660,1
"3570",1996,660,1
"3571",1997,660,1
"3572",1998,660,1
"3573",1999,660,1
"3574",2000,660,1
"3575",2001,660,1
"3576",2002,660,1
"3577",2003,660,1
"3578",2004,660,1
"3579",2005,660,1
"3580",2006,660,1
"3581",2007,660,1
"3582",2008,660,1
"3583",2009,660,1
"3584",2010,660,1
"3585",2011,660,1
"3586",2012,660,1
"3587",2013,660,1
"3588",2014,660,1
"3589",2015,660,1
"3590",2016,660,1
"3731",1957,820,1
"3732",1958,820,1
"3733",1959,820,1
"3734",1960,820,1
"3735",1961,820,1
"3736",1962,820,1
"3737",1963,820,1
"3738",1964,820,1
"3739",1965,820,1
"3740",1966,820,1
"3741",1967,820,1
"3742",1968,820,1
"3743",1969,820,1
"3744",1970,820,1
"3745",1971,820,1
"3746",1972,820,1
"3747",1973,820,1
"3748",1974,820,1
"3749",1975,820,1
"3750",1976,820,1
"3751",1977,820,1
"3752",1978,820,1
"3753",1979,820,1
"3754",1980,820,1
"3755",1981,820,1
"3756",1982,820,1
"3757",1983,820,1
"3758",1984,820,1
"3759",1985,820,1
"3760",1986,820,1
"3761",1987,820,1
"3762",1988,820,1
"3763",1989,820,1
"3764",1990,820,1
"3765",1991,820,1
"3766",1992,820,1
"3767",1993,820,1
"3768",1994,820,1
"3769",1995,820,1
"3770",1996,820,1
"3771",1997,820,1
"3772",1998,820,1
"3773",1999,820,1
"3774",2000,820,1
"3775",2001,820,1
"3776",2002,820,1
"3777",2003,820,1
"3778",2004,820,1
"3779",2005,820,1
"3780",2006,820,1
"3781",2007,820,1
"3782",2008,820,1
"3783",2009,820,1
"3784",2010,820,1
"3785",2011,820,1
"3786",2012,820,1
"3787",2013,820,1
"3788",2014,820,1
"3789",2015,820,1
"3790",2016,820,1
"3899",1959,812,1
"3900",1960,812,1
"3901",1961,812,1
"3902",1962,812,1
"3903",1963,812,1
"3904",1964,812,1
"3905",1965,812,1
"3906",1966,812,1
"3907",1967,812,1
"3908",1968,812,1
"3909",1969,812,1
"3910",1970,812,1
"3911",1971,812,1
"3912",1972,812,1
"3913",1973,812,1
"3914",1974,812,1
"3915",1975,812,1
"3916",1976,812,1
"3917",1977,812,1
"3918",1978,812,1
"3919",1979,812,1
"3920",1980,812,1
"3921",1981,812,1
"3922",1982,812,1
"3923",1983,812,1
"3924",1984,812,1
"3925",1985,812,1
"3926",1986,812,1
"3927",1987,812,1
"3928",1988,812,1
"3929",1989,812,1
"3930",1990,812,1
"3931",1991,812,1
"3932",1992,812,1
"3933",1993,812,1
"3934",1994,812,1
"3935",1995,812,1
"3936",1996,812,1
"3937",1997,812,1
"3938",1998,812,1
"3939",1999,812,1
"3940",2000,812,1
"3941",2001,812,1
"3942",2002,812,1
"3943",2003,812,1
"3944",2004,812,1
"3945",2005,812,1
"3946",2006,812,1
"3947",2007,812,1
"3948",2008,812,1
"3949",2009,812,1
"3950",2010,812,1
"3951",2011,812,1
"3952",2012,812,1
"3953",2013,812,1
"3954",2014,812,1
"3955",2015,812,1
"3956",2016,812,1
"4389",1961,490,1
"4390",1962,490,1
"4391",1963,490,1
"4392",1964,490,1
"4393",1965,490,1
"4394",1966,490,1
"4395",1967,490,1
"4396",1968,490,1
"4397",1969,490,1
"4398",1970,490,1
"4399",1971,490,1
"4400",1972,490,1
"4401",1973,490,1
"4402",1974,490,1
"4403",1975,490,1
"4404",1976,490,1
"4405",1977,490,1
"4406",1978,490,1
"4407",1979,490,1
"4408",1980,490,1
"4409",1981,490,1
"4410",1982,490,1
"4411",1983,490,1
"4412",1984,490,1
"4413",1985,490,1
"4414",1986,490,1
"4415",1987,490,1
"4416",1988,490,1
"4417",1989,490,1
"4418",1990,490,1
"4419",1991,490,1
"4420",1992,490,1
"4421",1993,490,1
"4422",1994,490,1
"4423",1995,490,1
"4424",1996,490,1
"4425",1997,490,1
"4426",1998,490,1
"4427",1999,490,1
"4428",2000,490,1
"4429",2001,490,1
"4430",2002,490,1
"4431",2003,490,1
"4432",2004,490,1
"4433",2005,490,1
"4434",2006,490,1
"4435",2007,490,1
"4436",2008,490,1
"4437",2009,490,1
"4438",2010,490,1
"4439",2011,490,1
"4440",2012,490,1
"4441",2013,490,1
"4442",2014,490,1
"4443",2015,490,1
"4444",2016,490,1
"4501",1960,490,1
"4561",1960,530,1
"4563",1961,530,1
"4564",1962,530,1
"4565",1963,530,1
"4566",1964,530,1
"4567",1965,530,1
"4568",1966,530,1
"4569",1967,530,1
"4570",1968,530,1
"4571",1969,530,1
"4572",1970,530,1
"4573",1971,530,1
"4574",1972,530,1
"4575",1973,530,1
"4576",1974,530,1
"4577",1975,530,1
"4578",1976,530,1
"4579",1977,530,1
"4580",1978,530,1
"4581",1979,530,1
"4582",1980,530,1
"4583",1981,530,1
"4584",1982,530,1
"4585",1983,530,1
"4586",1984,530,1
"4587",1985,530,1
"4588",1986,530,1
"4589",1987,530,1
"4590",1988,530,1
"4591",1989,530,1
"4592",1990,530,1
"4593",1991,530,1
"4594",1992,530,1
"4595",1993,530,1
"4596",1994,530,1
"4597",1995,530,1
"4598",1996,530,1
"4599",1997,530,1
"4600",1998,530,1
"4601",1999,530,1
"4602",2000,530,1
"4603",2001,530,1
"4604",2002,530,1
"4605",2003,530,1
"4606",2004,530,1
"4607",2005,530,1
"4608",2006,530,1
"4609",2007,530,1
"4610",2008,530,1
"4611",2009,530,1
"4612",2010,530,1
"4613",2011,530,1
"4614",2012,530,1
"4615",2013,530,1
"4616",2014,530,1
"4617",2015,530,1
"4618",2016,530,1
"4651",1960,790,1
"4652",1961,790,1
"4653",1962,790,1
"4654",1963,790,1
"4655",1964,790,1
"4656",1965,790,1
"4657",1966,790,1
"4658",1967,790,1
"4659",1968,790,1
"4660",1969,790,1
"4661",1970,790,1
"4662",1971,790,1
"4663",1972,790,1
"4664",1973,790,1
"4665",1974,790,1
"4666",1975,790,1
"4667",1976,790,1
"4668",1977,790,1
"4669",1978,790,1
"4670",1979,790,1
"4671",1980,790,1
"4672",1981,790,1
"4673",1982,790,1
"4674",1983,790,1
"4675",1984,790,1
"4676",1985,790,1
"4677",1986,790,1
"4678",1987,790,1
"4679",1988,790,1
"4680",1989,790,1
"4681",1990,790,1
"4682",1991,790,1
"4683",1992,790,1
"4684",1993,790,1
"4685",1994,790,1
"4686",1995,790,1
"4687",1996,790,1
"4688",1997,790,1
"4689",1998,790,1
"4690",1999,790,1
"4691",2000,790,1
"4692",2001,790,1
"4693",2002,790,1
"4694",2003,790,1
"4695",2004,790,1
"4696",2005,790,1
"4697",2006,790,1
"4698",2007,790,1
"4699",2008,790,1
"4700",2009,790,1
"4701",2010,790,1
"4702",2011,790,1
"4703",2012,790,1
"4704",2013,790,1
"4705",2014,790,1
"4706",2015,790,1
"4707",2016,790,1
"4758",1961,220,1
"4759",1962,220,1
"4760",1963,220,1
"4761",1964,220,1
"4762",1965,220,1
"4763",1966,220,1
"4764",1967,220,1
"4765",1968,220,1
"4766",1969,220,1
"4767",1970,220,1
"4768",1971,220,1
"4769",1972,220,1
"4770",1973,220,1
"4771",1974,220,1
"4772",1975,220,1
"4773",1976,220,1
"4774",1977,220,1
"4775",1978,220,1
"4776",1979,220,1
"4777",1980,220,1
"4778",1981,220,1
"4779",1982,220,1
"4780",1983,220,1
"4781",1984,220,1
"4782",1985,220,1
"4783",1986,220,1
"4784",1987,220,1
"4785",1988,220,1
"4786",1989,220,1
"4787",1990,220,1
"4788",1991,220,1
"4789",1992,220,1
"4790",1993,220,1
"4791",1994,220,1
"4792",1995,220,1
"4793",1996,220,1
"4794",1997,220,1
"4795",1998,220,1
"4796",1999,220,1
"4797",2000,220,1
"4798",2001,220,1
"4799",2002,220,1
"4800",2003,220,1
"4801",2004,220,1
"4802",2005,220,1
"4803",2006,220,1
"4804",2007,220,1
"4805",2008,220,1
"4806",2009,220,1
"4807",2010,220,1
"4808",2011,220,1
"4809",2012,220,1
"4810",2013,220,1
"4811",2014,220,1
"4812",2015,220,1
"4813",2016,220,1
"5093",1962,101,1
"5095",1963,101,1
"5096",1964,101,1
"5097",1965,101,1
"5098",1966,101,1
"5099",1967,101,1
"5100",1968,101,1
"5101",1969,101,1
"5102",1970,101,1
"5103",1971,101,1
"5104",1972,101,1
"5105",1973,101,1
"5106",1974,101,1
"5107",1975,101,1
"5108",1976,101,1
"5109",1977,101,1
"5110",1978,101,1
"5111",1979,101,1
"5112",1980,101,1
"5113",1981,101,1
"5114",1982,101,1
"5136",1983,101,1
"5137",1984,101,1
"5138",1985,101,1
"5139",1986,101,1
"5140",1987,101,1
"5141",1988,101,1
"5142",1989,101,1
"5143",1990,101,1
"5144",1991,101,1
"5145",1992,101,1
"5258",1963,625,1
"5259",1964,625,1
"5260",1965,625,1
"5261",1966,625,1
"5262",1967,625,1
"5263",1968,625,1
"5264",1969,625,1
"5265",1970,625,1
"5266",1971,625,1
"5267",1972,625,1
"5268",1973,625,1
"5269",1974,625,1
"5270",1975,625,1
"5271",1976,625,1
"5272",1977,625,1
"5273",1978,625,1
"5274",1979,625,1
"5275",1980,625,1
"5276",1981,625,1
"5277",1982,625,1
"5278",1983,625,1
"5279",1984,625,1
"5280",1985,625,1
"5281",1986,625,1
"5282",1987,625,1
"5283",1988,625,1
"5284",1989,625,1
"5285",1990,625,1
"5286",1991,625,1
"5287",1992,625,1
"5288",1993,625,1
"5289",1994,625,1
"5290",1995,625,1
"5291",1996,625,1
"5292",1997,625,1
"5293",1998,625,1
"5294",1999,625,1
"5295",2000,625,1
"5296",2001,625,1
"5297",2002,625,1
"5298",2003,625,1
"5299",2004,625,1
"5300",2005,625,1
"5301",2006,625,1
"5302",2007,625,1
"5303",2008,625,1
"5304",2009,625,1
"5305",2010,625,1
"5306",2011,625,1
"5307",2012,625,1
"5308",2013,625,1
"5309",2014,625,1
"5310",2015,625,1
"5311",2016,625,1
"5583",1964,481,1
"5584",1965,516,1
"5586",1966,516,1
"5587",1967,516,1
"5588",1968,516,1
"5589",1969,516,1
"5590",1970,516,1
"5591",1971,516,1
"5592",1972,516,1
"5593",1973,516,1
"5594",1974,516,1
"5595",1975,516,1
"5596",1976,516,1
"5597",1977,516,1
"5598",1978,516,1
"5599",1979,516,1
"5600",1980,516,1
"5601",1981,516,1
"5602",1982,516,1
"5603",1983,516,1
"5604",1984,516,1
"5605",1985,516,1
"5606",1986,516,1
"5607",1987,516,1
"5608",1988,516,1
"5609",1989,516,1
"5610",1990,516,1
"5611",1991,516,1
"5612",1992,516,1
"5613",1993,516,1
"5614",1994,516,1
"5615",1995,516,1
"5616",1996,516,1
"5617",1997,516,1
"5618",1998,516,1
"5619",1999,516,1
"5620",2000,516,1
"5621",2001,516,1
"5622",2002,516,1
"5623",2003,516,1
"5624",2004,516,1
"5625",2005,516,1
"5626",2006,516,1
"5627",2007,516,1
"5628",2008,516,1
"5629",2009,516,1
"5630",2010,516,1
"5631",2011,516,1
"5632",2012,516,1
"5633",2013,516,1
"5634",2014,516,1
"5635",2015,516,1
"5636",2016,516,1
"5802",1966,483,1
"5803",1967,483,1
"5804",1968,483,1
"5805",1969,483,1
"5806",1970,483,1
"5807",1971,483,1
"5808",1972,483,1
"5809",1973,483,1
"5810",1974,483,1
"5811",1975,483,1
"5812",1976,483,1
"5813",1977,483,1
"5814",1978,483,1
"5815",1979,483,1
"5816",1980,483,1
"5817",1981,483,1
"5818",1982,483,1
"5819",1983,483,1
"5820",1984,483,1
"5821",1985,483,1
"5822",1986,483,1
"5823",1987,483,1
"5824",1988,483,1
"5825",1989,483,1
"5826",1990,483,1
"5827",1991,483,1
"5828",1992,483,1
"5829",1993,483,1
"5830",1994,483,1
"5831",1995,483,1
"5832",1996,483,1
"5833",1997,483,1
"5834",1998,483,1
"5835",1999,483,1
"5836",2000,483,1
"5837",2001,483,1
"5838",2002,483,1
"5839",2003,483,1
"5840",2004,483,1
"5841",2005,483,1
"5842",2006,483,1
"5843",2007,483,1
"5844",2008,483,1
"5845",2009,483,1
"5846",2010,483,1
"5847",2011,483,1
"5848",2012,483,1
"5849",2013,483,1
"5850",2014,483,1
"5851",2015,483,1
"5852",2016,483,1
"6064",1964,100,1
"6065",1965,100,1
"6066",1966,100,1
"6067",1967,100,1
"6068",1968,100,1
"6069",1969,100,1
"6070",1970,100,1
"6071",1971,100,1
"6072",1972,100,1
"6073",1973,100,1
"6074",1974,100,1
"6075",1975,100,1
"6076",1976,100,1
"6077",1977,100,1
"6078",1978,100,1
"6079",1979,100,1
"6080",1980,100,1
"6081",1981,100,1
"6082",1982,100,1
"6083",1983,100,1
"6084",1984,100,1
"6085",1985,100,1
"6086",1986,100,1
"6087",1987,100,1
"6088",1988,100,1
"6089",1989,100,1
"6090",1990,100,1
"6091",1991,100,1
"6092",1992,100,1
"6093",1993,100,1
"6094",1994,100,1
"6095",1995,100,1
"6096",1996,100,1
"6097",1997,100,1
"6098",1998,100,1
"6099",1999,100,1
"6100",2000,100,1
"6101",2001,100,1
"6102",2002,100,1
"6103",2003,100,1
"6104",2004,100,1
"6105",2005,100,1
"6106",2006,100,1
"6107",2007,100,1
"6108",2008,100,1
"6109",2009,100,1
"6110",2010,100,1
"6111",2011,100,1
"6112",2012,100,1
"6113",2013,100,1
"6114",2014,100,1
"6115",2015,100,1
"6116",2016,100,1
"6117",1965,42,1
"6227",1963,135,1
"6228",1964,135,1
"6229",1965,135,1
"6233",1966,135,1
"6234",1967,135,1
"6235",1968,135,1
"6236",1969,135,1
"6237",1970,135,1
"6238",1971,135,1
"6239",1972,135,1
"6240",1973,135,1
"6241",1974,135,1
"6242",1975,135,1
"6243",1976,135,1
"6244",1977,135,1
"6245",1978,135,1
"6246",1979,135,1
"6247",1980,135,1
"6248",1981,135,1
"6249",1982,135,1
"6250",1983,135,1
"6251",1984,135,1
"6252",1985,135,1
"6253",1986,135,1
"6254",1987,135,1
"6255",1988,135,1
"6256",1989,135,1
"6257",1990,135,1
"6258",1991,135,1
"6259",1992,135,1
"6260",1993,135,1
"6261",1994,135,1
"6262",1995,135,1
"6263",1996,135,1
"6264",1997,135,1
"6265",1998,135,1
"6266",1999,135,1
"6267",2000,135,1
"6268",2001,135,1
"6269",2002,135,1
"6270",2003,135,1
"6271",2004,135,1
"6272",2005,135,1
"6273",2006,135,1
"6274",2007,135,1
"6275",2008,135,1
"6276",2009,135,1
"6277",2010,135,1
"6278",2011,135,1
"6279",2012,135,1
"6280",2013,135,1
"6281",2014,135,1
"6282",2015,135,1
"6283",2016,135,1
"6369",1966,452,1
"6371",1967,452,1
"6372",1968,452,1
"6373",1969,452,1
"6374",1970,452,1
"6375",1971,452,1
"6376",1972,452,1
"6377",1973,452,1
"6378",1974,452,1
"6379",1975,452,1
"6380",1976,452,1
"6381",1977,452,1
"6382",1978,452,1
"6383",1979,452,1
"6384",1980,452,1
"6385",1981,452,1
"6402",1982,452,1
"6403",1983,452,1
"6458",1966,475,1
"6460",1967,475,1
"6461",1968,475,1
"6462",1969,475,1
"6463",1970,475,1
"6464",1971,475,1
"6465",1972,475,1
"6466",1973,475,1
"6467",1974,475,1
"6468",1975,475,1
"6469",1976,475,1
"6470",1977,475,1
"6471",1978,475,1
"6472",1979,475,1
"6473",1980,475,1
"6474",1981,475,1
"6475",1982,475,1
"6476",1983,475,1
"6477",1984,475,1
"6478",1985,475,1
"6479",1986,475,1
"6480",1987,475,1
"6481",1988,475,1
"6482",1989,475,1
"6483",1990,475,1
"6484",1991,475,1
"6485",1992,475,1
"6486",1993,475,1
"6487",1994,475,1
"6488",1995,475,1
"6489",1996,475,1
"6490",1997,475,1
"6491",1998,475,1
"6492",1999,475,1
"6493",2000,475,1
"6494",2001,475,1
"6495",2002,475,1
"6496",2003,475,1
"6497",2004,475,1
"6498",2005,475,1
"6499",2006,475,1
"6500",2007,475,1
"6501",2008,475,1
"6502",2009,475,1
"6547",2010,475,1
"6548",2011,475,1
"6549",2012,475,1
"6550",2013,475,1
"6551",2014,475,1
"6552",2015,475,1
"6553",2016,475,1
"6605",1966,560,1
"6606",1967,560,1
"6607",1968,560,1
"6608",1969,560,1
"6609",1970,560,1
"6610",1971,560,1
"6611",1972,560,1
"6612",1973,560,1
"6613",1974,560,1
"6614",1975,560,1
"6615",1976,560,1
"6616",1977,560,1
"6617",1978,560,1
"6618",1979,560,1
"6619",1980,560,1
"6620",1981,560,1
"6621",1982,560,1
"6622",1983,560,1
"6623",1984,560,1
"6624",1985,560,1
"6625",1986,560,1
"6626",1987,560,1
"6627",1988,560,1
"6628",1989,560,1
"6629",1990,560,1
"6630",1991,560,1
"6631",1992,560,1
"6632",1993,560,1
"6633",1994,560,1
"6634",1995,560,1
"6635",1996,560,1
"6636",1997,560,1
"6637",1998,560,1
"6638",1999,560,1
"6639",2000,560,1
"6640",2001,560,1
"6641",2002,560,1
"6642",2003,560,1
"6643",2004,560,1
"6644",2005,560,1
"6645",2006,560,1
"6646",2007,560,1
"6647",2008,560,1
"6648",2009,560,1
"6649",2010,560,1
"6650",2011,560,1
"6651",2012,560,1
"6652",2013,560,1
"6653",2014,560,1
"6654",2015,560,1
"6655",2016,560,1
"6679",1966,652,1
"6681",1967,652,1
"6682",1968,652,1
"6683",1969,652,1
"6684",1970,652,1
"6685",1971,652,1
"6686",1972,652,1
"6687",1973,652,1
"6688",1974,652,1
"6689",1975,652,1
"6690",1976,652,1
"6691",1977,652,1
"6692",1978,652,1
"6693",1979,652,1
"6694",1980,652,1
"6695",1981,652,1
"6696",1982,652,1
"6697",1983,652,1
"6698",1984,652,1
"6699",1985,652,1
"6700",1986,652,1
"6701",1987,652,1
"6702",1988,652,1
"6703",1989,652,1
"6704",1990,652,1
"6705",1991,652,1
"6706",1992,652,1
"6707",1993,652,1
"6708",1994,652,1
"6709",1995,652,1
"6710",1996,652,1
"6711",1997,652,1
"6712",1998,652,1
"6713",1999,652,1
"6714",2000,652,1
"6715",2001,652,1
"6716",2002,652,1
"6717",2003,652,1
"6718",2004,652,1
"6719",2005,652,1
"6720",2006,652,1
"6721",2007,652,1
"6722",2008,652,1
"6723",2009,652,1
"6724",2010,652,1
"6725",2011,652,1
"6726",2012,652,1
"6727",2013,652,1
"6728",2014,652,1
"6729",2015,652,1
"6730",2016,652,1
"6799",1967,811,1
"6800",1968,811,1
"6801",1969,811,1
"6802",1970,811,1
"6803",1971,811,1
"6804",1972,811,1
"6805",1973,811,1
"6806",1974,811,1
"6807",1975,811,1
"6808",1976,811,1
"6809",1977,811,1
"6810",1978,811,1
"6811",1979,811,1
"6812",1980,811,1
"6813",1981,811,1
"6814",1982,811,1
"6815",1983,811,1
"6816",1984,811,1
"6817",1985,811,1
"6818",1986,811,1
"6819",1987,811,1
"6820",1988,811,1
"6821",1989,811,1
"6822",1990,811,1
"6823",1991,811,1
"6824",1992,811,1
"6825",1993,811,1
"6826",1994,811,1
"6827",1995,811,1
"6828",1996,811,1
"6829",1997,811,1
"6830",1998,811,1
"6831",1999,811,1
"6832",2000,811,1
"6833",2001,811,1
"6834",2002,811,1
"6835",2003,811,1
"6836",2004,811,1
"6837",2005,811,1
"6838",2006,811,1
"6839",2007,811,1
"6840",2008,811,1
"6841",2009,811,1
"6842",2010,811,1
"6843",2011,811,1
"6844",2012,811,1
"6845",2013,811,1
"6846",2014,811,1
"6847",2015,811,1
"6848",2016,811,1
"6994",2000,438,1
"6995",2001,438,1
"6996",2002,438,1
"6997",2003,438,1
"6998",2004,438,1
"6999",2005,438,1
"7000",2006,438,1
"7001",2007,438,1
"7002",2008,438,1
"7003",2009,438,1
"7004",2010,438,1
"7005",2011,438,1
"7006",2012,438,1
"7007",2013,438,1
"7008",2014,438,1
"7009",2015,438,1
"7010",2016,438,1
"7180",1971,580,1
"7181",1971,600,1
"7182",1971,770,1
"7183",1971,780,1
"7185",1972,780,1
"7186",1973,780,1
"7187",1974,780,1
"7188",1975,780,1
"7189",1976,780,1
"7190",1977,780,1
"7191",1978,780,1
"7192",1979,780,1
"7193",1980,780,1
"7194",1981,780,1
"7195",1982,780,1
"7196",1983,780,1
"7197",1984,780,1
"7198",1985,780,1
"7199",1986,780,1
"7200",1987,780,1
"7201",1988,780,1
"7202",1989,780,1
"7203",1990,780,1
"7204",1991,780,1
"7205",1992,780,1
"7206",1993,780,1
"7207",1994,780,1
"7208",1995,780,1
"7209",1996,780,1
"7210",1997,780,1
"7211",1998,780,1
"7212",1999,780,1
"7213",2000,780,1
"7214",2001,780,1
"7215",2002,780,1
"7216",2003,780,1
"7217",2004,780,1
"7218",2005,780,1
"7219",2006,780,1
"7220",2007,780,1
"7221",2008,780,1
"7222",2009,780,1
"7223",2010,780,1
"7224",2011,780,1
"7225",2012,780,1
"7226",2013,780,1
"7227",2014,780,1
"7228",2015,780,1
"7229",2016,780,1
"7250",1971,500,1
"7251",1972,500,1
"7252",1973,500,1
"7253",1974,500,1
"7254",1975,500,1
"7255",1976,500,1
"7256",1977,500,1
"7257",1978,500,1
"7258",1979,500,1
"7259",1980,500,1
"7260",1981,500,1
"7261",1982,500,1
"7262",1983,500,1
"7263",1984,500,1
"7264",1985,500,1
"7265",1986,500,1
"7266",1987,500,1
"7267",1988,500,1
"7268",1989,500,1
"7269",1990,500,1
"7270",1991,500,1
"7271",1992,500,1
"7272",1993,500,1
"7273",1994,500,1
"7274",1995,500,1
"7275",1996,500,1
"7276",1997,500,1
"7277",1998,500,1
"7278",1999,500,1
"7279",2000,500,1
"7280",2001,500,1
"7281",2002,500,1
"7282",2003,500,1
"7283",2004,500,1
"7284",2005,500,1
"7285",2006,500,1
"7286",2007,500,1
"7287",2008,500,1
"7288",2009,500,1
"7289",2010,500,1
"7290",2011,500,1
"7291",2012,500,1
"7292",2013,500,1
"7293",2014,500,1
"7294",2015,500,1
"7295",2016,500,1
"7411",1970,200,1
"7412",1971,200,1
"7413",1972,200,1
"7414",1973,200,1
"7415",1974,200,1
"7416",1975,200,1
"7417",1976,200,1
"7418",1977,200,1
"7419",1978,200,1
"7420",1979,200,1
"7421",1980,200,1
"7422",1981,200,1
"7423",1982,200,1
"7424",1983,200,1
"7425",1984,200,1
"7426",1985,200,1
"7427",1986,200,1
"7428",1987,200,1
"7429",1988,200,1
"7430",1989,200,1
"7431",1990,200,1
"7432",1991,200,1
"7433",1992,200,1
"7434",1993,200,1
"7435",1994,200,1
"7436",1995,200,1
"7437",1996,200,1
"7438",1997,200,1
"7439",1998,200,1
"7440",1999,200,1
"7441",2000,200,1
"7442",2001,200,1
"7443",2002,200,1
"7444",2003,200,1
"7445",2004,200,1
"7446",2005,200,1
"7447",2006,200,1
"7448",2007,200,1
"7449",2008,200,1
"7450",2009,200,1
"7451",2010,200,1
"7452",2011,200,1
"7453",2012,200,1
"7454",2013,200,1
"7455",2014,200,1
"7456",2015,200,1
"7457",2016,200,1
"7509",1972,92,1
"7511",1973,92,1
"7512",1974,92,1
"7513",1975,92,1
"7514",1976,92,1
"7515",1977,92,1
"7516",1978,92,1
"7517",1979,92,1
"7518",1980,92,1
"7519",1981,92,1
"7520",1982,92,1
"7521",1983,92,1
"7522",1984,92,1
"7523",1985,92,1
"7524",1986,92,1
"7525",1987,92,1
"7526",1988,92,1
"7527",1989,92,1
"7528",1990,92,1
"7529",1991,92,1
"7530",1992,92,1
"7531",1993,92,1
"7532",1994,92,1
"7533",1995,92,1
"7534",1996,92,1
"7535",1997,92,1
"7536",1998,92,1
"7537",1999,92,1
"7538",2000,92,1
"7539",2001,92,1
"7540",2002,92,1
"7541",2003,92,1
"7542",2004,92,1
"7543",2005,92,1
"7544",2006,92,1
"7545",2007,92,1
"7546",2008,92,1
"7547",2009,92,1
"7548",2010,92,1
"7549",2011,92,1
"7550",2012,92,1
"7551",2013,92,1
"7552",2014,92,1
"7553",2015,92,1
"7554",2016,92,1
"7575",1968,698,1
"7576",1969,698,1
"7577",1970,698,1
"7578",1971,698,1
"7579",1972,698,1
"7580",1973,698,1
"7581",1974,698,1
"7582",1975,698,1
"7583",1976,698,1
"7584",1977,698,1
"7585",1978,698,1
"7586",1979,698,1
"7587",1980,698,1
"7588",1981,698,1
"7589",1982,698,1
"7590",1983,698,1
"7591",1984,698,1
"7592",1985,698,1
"7593",1986,698,1
"7594",1987,698,1
"7595",1988,698,1
"7596",1989,698,1
"7597",1990,698,1
"7598",1991,698,1
"7599",1992,698,1
"7600",1993,698,1
"7601",1994,698,1
"7602",1995,698,1
"7603",1996,698,1
"7604",1997,698,1
"7605",1998,698,1
"7606",1999,698,1
"7607",2000,698,1
"7608",2001,698,1
"7609",2002,698,1
"7610",2003,698,1
"7611",2004,698,1
"7612",2005,698,1
"7613",2006,698,1
"7614",2007,698,1
"7615",2008,698,1
"7616",2009,698,1
"7617",2010,698,1
"7618",2011,698,1
"7619",2012,698,1
"7620",2013,698,1
"7621",2014,698,1
"7622",2015,698,1
"7623",2016,698,1
"7632",1966,552,1
"7633",1967,552,1
"7634",1968,552,1
"7635",1969,552,1
"7636",1970,552,1
"7637",1971,552,1
"7638",1972,552,1
"7639",1973,552,1
"7640",1974,552,1
"7641",1975,552,1
"7642",1976,552,1
"7643",1977,552,1
"7644",1978,552,1
"7645",1979,552,1
"7646",1980,552,1
"7647",1981,552,1
"7648",1982,552,1
"7649",1983,552,1
"7650",1984,552,1
"7651",1985,552,1
"7652",1986,552,1
"7653",1987,552,1
"7654",1988,552,1
"7655",1989,552,1
"7656",1990,552,1
"7657",1991,552,1
"7658",1992,552,1
"7659",1993,552,1
"7660",1994,552,1
"7661",1995,552,1
"7662",1996,552,1
"7663",1997,552,1
"7664",1998,552,1
"7665",1999,552,1
"7666",2000,552,1
"7667",2001,552,1
"7668",2002,552,1
"7669",2003,552,1
"7670",2004,552,1
"7671",2005,552,1
"7672",2006,552,1
"7673",2007,552,1
"7674",2008,552,1
"7675",2009,552,1
"7676",2010,552,1
"7677",2011,552,1
"7678",2012,552,1
"7679",2013,552,1
"7680",2014,552,1
"7681",2015,552,1
"7682",2016,552,1
"7751",1970,165,1
"7752",1971,165,1
"7753",1972,165,1
"7754",1973,155,1
"7755",1975,771,1
"7756",1976,771,1
"7757",1977,771,1
"7758",1978,771,1
"7759",1979,771,1
"7760",1980,771,1
"7761",1981,771,1
"7762",1982,771,1
"7763",1983,771,1
"7764",1984,771,1
"7765",1985,771,1
"7766",1986,771,1
"7767",1987,771,1
"7768",1988,771,1
"7769",1989,771,1
"7770",1990,771,1
"7771",1991,771,1
"7772",1992,771,1
"7773",1993,771,1
"7774",1994,771,1
"7775",1995,771,1
"7776",1996,771,1
"7777",1997,771,1
"7778",1998,771,1
"7779",1999,771,1
"7780",2000,771,1
"7781",2001,771,1
"7782",2002,771,1
"7783",2003,771,1
"7784",2004,771,1
"7785",2005,771,1
"7786",2006,771,1
"7787",2007,771,1
"7788",2008,771,1
"7789",2009,771,1
"7790",2010,771,1
"7791",2011,771,1
"7792",2012,771,1
"7793",2013,771,1
"7794",2014,771,1
"7795",2015,771,1
"7796",2016,771,1
"7814",1973,770,1
"7815",1974,770,1
"7816",1975,770,1
"7817",1976,770,1
"7818",1977,770,1
"7819",1978,770,1
"7820",1979,770,1
"7821",1980,770,1
"7822",1981,770,1
"7823",1982,770,1
"7824",1983,770,1
"7825",1984,770,1
"7826",1985,770,1
"7827",1986,770,1
"7828",1987,770,1
"7829",1988,770,1
"7830",1989,770,1
"7831",1990,770,1
"7832",1991,770,1
"7833",1992,770,1
"7834",1993,770,1
"7835",1994,770,1
"7836",1995,770,1
"7837",1996,770,1
"7838",1997,770,1
"7839",1998,770,1
"7840",1999,770,1
"7841",2000,770,1
"7842",2001,770,1
"7843",2002,770,1
"7844",2003,770,1
"7845",2004,770,1
"7846",2005,770,1
"7847",2006,770,1
"7848",2007,770,1
"7849",2008,770,1
"7850",2009,770,1
"7851",2010,770,1
"7852",2011,770,1
"7853",2012,770,1
"7854",2013,770,1
"7855",2014,770,1
"7856",2015,770,1
"7857",2016,770,1
"7932",1993,531,1
"7933",1994,531,1
"7934",1995,531,1
"7935",1996,531,1
"7936",1997,531,1
"7942",1998,531,1
"7943",1999,531,1
"7951",2000,531,1
"7952",2001,531,1
"7953",2002,531,1
"7954",2003,531,1
"7955",1975,540,1
"7956",1976,540,1
"7957",1977,540,1
"7958",1978,540,1
"7959",1979,540,1
"7960",1980,540,1
"7961",1981,540,1
"7962",1982,540,1
"7963",1983,540,1
"7964",1984,540,1
"7965",1985,540,1
"7966",1986,540,1
"7967",1987,540,1
"7968",1988,540,1
"7969",1989,540,1
"7970",1990,540,1
"7971",1991,540,1
"7972",1992,540,1
"7973",1993,540,1
"7974",1994,540,1
"7975",1995,540,1
"7976",1996,540,1
"7977",1997,540,1
"7978",1998,540,1
"7979",1999,540,1
"7980",2000,540,1
"7981",2001,540,1
"7982",2002,540,1
"7983",2003,540,1
"7984",2004,540,1
"7985",2005,540,1
"7986",2006,540,1
"7987",2007,540,1
"7988",2008,540,1
"7989",2009,540,1
"7990",2010,540,1
"7991",2011,540,1
"7992",2012,540,1
"7993",2013,540,1
"7994",2014,540,1
"7995",2015,540,1
"7996",2016,540,1
"8378",1975,600,1
"8379",1976,600,1
"8380",1977,600,1
"8381",1978,600,1
"8382",1979,600,1
"8383",1980,600,1
"8384",1981,600,1
"8385",1982,600,1
"8386",1983,600,1
"8387",1984,600,1
"8388",1985,600,1
"8389",1986,600,1
"8390",1987,600,1
"8391",1988,600,1
"8392",1989,600,1
"8393",1990,600,1
"8394",1991,600,1
"8395",1992,600,1
"8396",1993,600,1
"8397",1994,600,1
"8398",1995,600,1
"8399",1996,600,1
"8400",1997,600,1
"8401",1998,600,1
"8402",1999,600,1
"8403",2000,600,1
"8404",2001,600,1
"8405",2002,600,1
"8406",2003,600,1
"8407",2004,600,1
"8408",2005,600,1
"8409",2006,600,1
"8410",2007,600,1
"8411",2008,600,1
"8412",2009,600,1
"8413",2010,600,1
"8414",2011,600,1
"8415",2012,600,1
"8416",2013,600,1
"8417",2014,600,1
"8418",2015,600,1
"8419",2016,600,1
"8477",1977,541,1
"8478",1978,541,1
"8479",1979,541,1
"8480",1980,541,1
"8481",1981,541,1
"8482",1982,541,1
"8483",1983,541,1
"8484",1984,541,1
"8485",1985,541,1
"8486",1986,541,1
"8487",1987,541,1
"8488",1988,541,1
"8489",1989,541,1
"8490",1990,541,1
"8491",1991,541,1
"8492",1992,541,1
"8493",1993,541,1
"8494",1994,541,1
"8495",1995,541,1
"8496",1996,541,1
"8497",1997,541,1
"8498",1998,541,1
"8499",1999,541,1
"8500",2000,541,1
"8501",2001,541,1
"8502",2002,541,1
"8503",2003,541,1
"8504",2004,541,1
"8505",2005,541,1
"8506",2006,541,1
"8507",2007,541,1
"8508",2008,541,1
"8509",2009,541,1
"8510",2010,541,1
"8511",2011,541,1
"8512",2012,541,1
"8513",2013,541,1
"8514",2014,541,1
"8515",2015,541,1
"8516",2016,541,1
"8610",1975,700,1
"8611",1976,700,1
"8612",1977,700,1
"8613",1978,700,1
"8614",1979,700,1
"8615",1980,700,1
"8616",1981,700,1
"8617",1982,700,1
"8618",1983,700,1
"8619",1984,700,1
"8620",1985,700,1
"8621",1986,700,1
"8622",1987,700,1
"8623",1988,700,1
"8624",1989,700,1
"8625",1990,700,1
"8626",1991,700,1
"8627",1992,700,1
"8628",1993,700,1
"8629",1994,700,1
"8630",1995,700,1
"8631",1996,700,1
"8632",1997,700,1
"8633",1998,700,1
"8634",1999,700,1
"8635",2000,700,1
"8636",2001,700,1
"8637",2002,700,1
"8638",2003,700,1
"8639",2004,700,1
"8640",2005,700,1
"8641",2006,700,1
"8642",2007,700,1
"8643",2008,700,1
"8644",2009,700,1
"8645",2010,700,1
"8646",2011,700,1
"8647",2012,700,1
"8648",2013,700,1
"8649",2014,700,1
"8650",2015,700,1
"8651",2016,700,1
"8801",1974,93,1
"8802",1975,93,1
"8803",1976,93,1
"8804",1977,93,1
"8805",1978,93,1
"8806",1979,93,1
"8807",1980,93,1
"8808",1981,93,1
"8809",1982,93,1
"8810",1983,93,1
"8811",1984,93,1
"8812",1985,93,1
"8813",1986,93,1
"8814",1987,93,1
"8815",1988,93,1
"8816",1989,93,1
"8817",1990,93,1
"8818",1991,93,1
"8819",1992,93,1
"8820",1993,93,1
"8821",1994,93,1
"8822",1995,93,1
"8823",1996,93,1
"8824",1997,93,1
"8825",1998,93,1
"8826",1999,93,1
"8827",2000,93,1
"8828",2001,93,1
"8829",2002,93,1
"8830",2003,93,1
"8831",2004,93,1
"8832",2005,93,1
"8833",2006,93,1
"8834",2007,93,1
"8835",2008,93,1
"8836",2009,93,1
"8837",2010,93,1
"8838",2011,93,1
"8839",2012,93,1
"8840",2013,93,1
"8841",2014,93,1
"8842",2015,93,1
"8843",2016,93,1
"8867",1982,520,1
"8868",1983,520,1
"8869",1984,520,1
"8870",1985,520,1
"8871",1986,520,1
"8872",1987,520,1
"8873",1988,520,1
"8874",1989,520,1
"8875",1990,520,1
"8876",1991,520,1
"8877",1992,520,1
"8878",1993,520,1
"8879",1994,520,1
"8880",1995,520,1
"8881",1996,520,1
"8882",1997,520,1
"8883",1998,520,1
"8884",1999,520,1
"8885",2000,520,1
"8886",2001,520,1
"8887",2002,520,1
"8888",2003,520,1
"8889",2004,520,1
"8890",2005,520,1
"8891",2006,520,1
"8892",2007,520,1
"8893",2008,520,1
"8894",2009,520,1
"8895",2010,520,1
"8896",2011,520,1
"8897",2012,520,1
"8898",2013,520,1
"8899",2014,520,1
"8900",2015,520,1
"8901",2016,520,1
"9227",1979,670,1
"9228",1980,450,1
"9230",1981,450,1
"9231",1982,450,1
"9232",1983,450,1
"9233",1984,450,1
"9234",1985,450,1
"9235",1986,450,1
"9236",1987,450,1
"9237",1988,450,1
"9238",1989,450,1
"9239",1990,450,1
"9240",1991,450,1
"9241",1992,450,1
"9242",1993,450,1
"9243",1994,450,1
"9244",1995,450,1
"9245",1996,450,1
"9246",1997,450,1
"9247",1998,450,1
"9248",1999,450,1
"9249",2000,450,1
"9250",2001,450,1
"9251",2002,450,1
"9252",2003,450,1
"9253",2004,450,1
"9254",2005,450,1
"9255",2006,450,1
"9256",2007,450,1
"9257",2008,450,1
"9258",2009,450,1
"9259",2010,450,1
"9260",2011,450,1
"9261",2012,450,1
"9262",2013,450,1
"9263",2014,450,1
"9264",2015,450,1
"9265",2016,450,1
"9301",1968,230,1
"9302",1969,230,1
"9303",1970,230,1
"9304",1971,230,1
"9305",1972,230,1
"9306",1973,230,1
"9307",1974,230,1
"9308",1975,230,1
"9309",1976,230,1
"9310",1977,230,1
"9311",1978,230,1
"9312",1979,230,1
"9313",1980,230,1
"9314",1981,230,1
"9315",1982,230,1
"9316",1983,230,1
"9317",1984,230,1
"9318",1985,230,1
"9319",1986,230,1
"9320",1987,230,1
"9321",1988,230,1
"9322",1989,230,1
"9323",1990,230,1
"9324",1991,230,1
"9325",1992,230,1
"9326",1993,230,1
"9327",1994,230,1
"9328",1995,230,1
"9329",1996,230,1
"9330",1997,230,1
"9331",1998,230,1
"9332",1999,230,1
"9333",2000,230,1
"9334",2001,230,1
"9335",2002,230,1
"9336",2003,230,1
"9337",2004,230,1
"9338",2005,230,1
"9339",2006,230,1
"9340",2007,230,1
"9341",2008,230,1
"9342",2009,230,1
"9343",2010,230,1
"9344",2011,230,1
"9345",2012,230,1
"9346",2013,230,1
"9347",2014,230,1
"9348",2015,230,1
"9349",2016,230,1
"9409",1980,616,1
"9410",1981,420,1
"9538",1982,501,1
"9721",1960,471,1
"9722",1961,471,1
"9723",1962,471,1
"9724",1963,471,1
"9725",1964,471,1
"9726",1965,471,1
"9727",1966,471,1
"9728",1967,471,1
"9729",1968,471,1
"9730",1969,471,1
"9731",1970,471,1
"9732",1971,471,1
"9733",1972,471,1
"9734",1973,471,1
"9735",1974,471,1
"9736",1975,471,1
"9737",1976,471,1
"9738",1977,471,1
"9739",1978,471,1
"9740",1979,471,1
"9741",1980,471,1
"9742",1981,471,1
"9743",1982,471,1
"9744",1983,471,1
"9745",1984,471,1
"9746",1985,471,1
"9747",1986,471,1
"9748",1987,471,1
"9749",1988,471,1
"9750",1989,471,1
"9751",1990,471,1
"9752",1991,471,1
"9753",1992,471,1
"9754",1993,471,1
"9755",1994,471,1
"9756",1995,471,1
"9757",1996,471,1
"9758",1997,471,1
"9759",1998,471,1
"9760",1999,471,1
"9761",2000,471,1
"9762",2001,471,1
"9763",2002,471,1
"9764",2003,471,1
"9765",2004,471,1
"9766",2005,471,1
"9767",2006,471,1
"9768",2007,471,1
"9769",2008,471,1
"9770",2009,471,1
"9771",2010,471,1
"9772",2011,471,1
"9773",2012,471,1
"9774",2013,471,1
"9775",2014,471,1
"9776",2015,471,1
"9777",2016,471,1
"9862",1983,640,1
"9863",1984,640,1
"9864",1985,640,1
"9865",1986,640,1
"9866",1987,640,1
"9867",1988,640,1
"9868",1989,640,1
"9869",1990,640,1
"9870",1991,640,1
"9871",1992,640,1
"9872",1993,640,1
"9873",1994,640,1
"9874",1995,640,1
"9875",1996,640,1
"9876",1997,640,1
"9877",1998,640,1
"9878",1999,640,1
"9879",2000,640,1
"9880",2001,640,1
"9881",2002,640,1
"9882",2003,640,1
"9883",2004,640,1
"9884",2005,640,1
"9885",2006,640,1
"9886",2007,640,1
"9887",2008,640,1
"9888",2009,640,1
"9889",2010,640,1
"9890",2011,640,1
"9891",2012,640,1
"9892",2013,640,1
"9893",2014,640,1
"9894",2015,640,1
"9895",2016,640,1
"9927",1986,115,1
"9928",1987,115,1
"9929",1986,461,1
"9930",1986,680,1
"9931",1987,439,1
"9932",1989,581,1
"10150",1989,95,1
"10151",1989,910,1
"10152",1990,910,1
"10155",1991,910,1
"10156",1992,910,1
"10157",1993,910,1
"10158",1994,910,1
"10159",1995,910,1
"10160",1996,910,1
"10161",1997,910,1
"10162",1998,910,1
"10163",1999,910,1
"10164",2000,910,1
"10165",2001,910,1
"10166",2002,910,1
"10167",2003,910,1
"10168",2004,910,1
"10169",2005,910,1
"10170",2006,910,1
"10171",2007,910,1
"10172",2008,910,1
"10173",2009,910,1
"10174",2010,910,1
"10175",2011,910,1
"10176",2012,910,1
"10177",2013,910,1
"10178",2014,910,1
"10179",2015,910,1
"10180",2016,910,1
"10189",1989,360,1
"10190",1990,432,1
"10192",1991,432,1
"10193",1992,432,1
"10194",1993,432,1
"10195",1994,432,1
"10201",1995,432,1
"10202",1996,432,1
"10203",1997,432,1
"10204",1998,432,1
"10205",1999,432,1
"10206",2000,432,1
"10207",2001,432,1
"10208",2002,432,1
"10209",2003,432,1
"10210",2004,432,1
"10211",2005,432,1
"10212",2006,432,1
"10213",2007,432,1
"10214",2008,432,1
"10215",2009,432,1
"10216",2010,432,1
"10217",2011,432,1
"10218",2012,432,1
"10219",2013,432,1
"10220",2014,432,1
"10221",2015,432,1
"10222",2016,432,1
"10292",1994,436,1
"10293",1990,517,1
"10294",1991,517,1
"10295",1992,517,1
"10296",1993,517,1
"10297",1994,517,1
"10298",1995,517,1
"10299",1996,517,1
"10300",1997,517,1
"10301",1998,517,1
"10302",1999,517,1
"10303",2000,517,1
"10304",2001,517,1
"10305",2002,517,1
"10306",2003,517,1
"10307",2004,517,1
"10308",2005,517,1
"10309",2006,517,1
"10310",2007,517,1
"10311",2008,517,1
"10312",2009,517,1
"10313",2010,517,1
"10314",2011,517,1
"10315",2012,517,1
"10316",2013,517,1
"10317",2014,517,1
"10318",2015,517,1
"10319",2016,517,1
"10388",1988,433,1
"10389",1989,433,1
"10390",1990,433,1
"10394",1991,433,1
"10395",1992,433,1
"10396",1993,433,1
"10397",1994,433,1
"10398",1995,433,1
"10399",1996,433,1
"10400",1997,433,1
"10401",1998,433,1
"10402",1999,433,1
"10403",2000,433,1
"10404",2001,433,1
"10405",2002,433,1
"10406",2003,433,1
"10407",2004,433,1
"10408",2005,433,1
"10409",2006,433,1
"10410",2007,433,1
"10411",2008,433,1
"10412",2009,433,1
"10413",2010,433,1
"10414",2011,433,1
"10415",2012,433,1
"10416",2013,433,1
"10417",2014,433,1
"10418",2015,433,1
"10419",2016,433,1
"10529",1990,52,1
"10530",1991,522,1
"10531",1992,522,1
"10532",1993,522,1
"10533",1994,522,1
"10534",1995,522,1
"10535",1996,522,1
"10536",1997,522,1
"10537",1998,522,1
"10538",1999,522,1
"10539",2000,522,1
"10540",2001,522,1
"10541",2002,522,1
"10542",2003,522,1
"10543",2004,522,1
"10544",2005,522,1
"10545",2006,522,1
"10546",2007,522,1
"10547",2008,522,1
"10548",2009,522,1
"10549",2010,522,1
"10550",2011,522,1
"10551",2012,522,1
"10552",2013,522,1
"10553",2014,522,1
"10554",2015,522,1
"10555",2016,522,1
"10569",1991,372,1
"10570",1992,372,1
"10571",1993,372,1
"10572",1994,372,1
"10573",1995,372,1
"10574",1996,372,1
"10575",1997,372,1
"10576",1998,372,1
"10577",1999,372,1
"10578",2000,372,1
"10579",2001,372,1
"10580",2002,372,1
"10581",2003,372,1
"10582",2004,372,1
"10583",2005,372,1
"10584",2006,372,1
"10585",2007,372,1
"10586",2008,372,1
"10587",2009,372,1
"10588",2010,372,1
"10589",2011,372,1
"10590",2012,372,1
"10591",2013,372,1
"10592",2014,372,1
"10593",2015,372,1
"10594",2016,372,1
"10598",1989,41,1
"10600",1990,41,1
"10601",1991,41,1
"10605",1992,41,1
"10606",1993,41,1
"10607",1994,41,1
"10608",1995,41,1
"10609",1996,41,1
"10610",1997,41,1
"10611",1998,41,1
"10612",1999,41,1
"10613",2000,41,1
"10614",2001,41,1
"10615",2002,41,1
"10616",2003,41,1
"10617",2004,41,1
"10618",1991,451,1
"10619",1992,451,1
"10620",1993,451,1
"10621",1994,451,1
"10622",1995,451,1
"10623",1996,451,1
"10624",1997,451,1
"10625",1998,451,1
"10626",1999,451,1
"10627",2000,451,1
"10628",2001,451,1
"10629",2002,451,1
"10630",2003,451,1
"10631",2004,451,1
"10632",2005,451,1
"10633",2006,451,1
"10634",2007,451,1
"10635",2008,451,1
"10636",2009,451,1
"10637",2010,451,1
"10638",2011,451,1
"10639",2012,451,1
"10640",2013,451,1
"10641",2014,451,1
"10642",2015,451,1
"10643",2016,451,1
"10710",1991,345,1
"10712",1992,345,1
"10713",1993,345,1
"10714",1994,345,1
"10715",1995,345,1
"10716",1996,345,1
"10717",1997,345,1
"10718",1998,345,1
"10719",1999,345,1
"10720",2000,345,1
"10721",2001,345,1
"10722",2002,345,1
"10723",2003,345,1
"10724",2004,345,1
"10725",2005,345,1
"10726",2006,345,1
"10727",2007,345,1
"10728",2008,345,1
"10729",2009,345,1
"10730",2010,345,1
"10731",2011,345,1
"10732",2012,345,1
"10733",2013,345,1
"10734",2014,345,1
"10735",2015,345,1
"10736",2016,345,1
"10739",1985,615,1
"10740",1986,615,1
"10741",1987,615,1
"10742",1988,615,1
"10743",1989,615,1
"10744",1990,615,1
"10745",1991,615,1
"10746",1992,615,1
"10747",1993,615,1
"10748",1994,615,1
"10749",1995,615,1
"10750",1996,615,1
"10751",1997,615,1
"10752",1998,615,1
"10753",1999,615,1
"10754",2000,615,1
"10755",2001,615,1
"10756",2002,615,1
"10757",2003,615,1
"10758",2004,615,1
"10759",2005,615,1
"10760",2006,615,1
"10761",2007,615,1
"10762",2008,615,1
"10763",2009,615,1
"10764",2010,615,1
"10765",2011,615,1
"10766",2012,615,1
"10767",2013,615,1
"10768",2014,615,1
"10769",2015,615,1
"10770",2016,615,1
"10904",1991,373,1
"10905",1992,373,1
"10906",1993,373,1
"10907",1994,373,1
"10908",1995,373,1
"10909",1996,373,1
"10910",1997,373,1
"10911",1998,373,1
"10912",1999,373,1
"10913",2000,373,1
"10914",2001,373,1
"10915",2002,373,1
"10916",2003,373,1
"10917",2004,373,1
"10918",2005,373,1
"10919",2006,373,1
"10920",2007,373,1
"10921",2008,373,1
"10922",2009,373,1
"10923",2010,373,1
"10924",2011,373,1
"10925",2012,373,1
"10926",2013,373,1
"10927",2014,373,1
"10928",2015,373,1
"10929",2016,373,1
"10997",1992,346,1
"10998",1993,346,1
"10999",1994,346,1
"11000",1995,346,1
"11001",1996,346,1
"11002",1997,346,1
"11003",1998,346,1
"11004",1999,346,1
"11005",2000,346,1
"11006",2001,346,1
"11007",2002,346,1
"11008",2003,346,1
"11009",2004,346,1
"11010",2005,346,1
"11011",2006,346,1
"11012",2007,346,1
"11013",2008,346,1
"11014",2009,346,1
"11015",2010,346,1
"11016",2011,346,1
"11017",2012,346,1
"11018",2013,346,1
"11019",2014,346,1
"11020",2015,346,1
"11021",2016,346,1
"11051",1992,344,1
"11052",1993,344,1
"11053",1994,344,1
"11054",1995,344,1
"11055",1996,344,1
"11056",1997,344,1
"11057",1998,344,1
"11058",1999,344,1
"11059",2000,344,1
"11060",2001,344,1
"11061",2002,344,1
"11062",2003,344,1
"11063",2004,344,1
"11064",2005,344,1
"11065",2006,344,1
"11066",2007,344,1
"11067",2008,344,1
"11068",2009,344,1
"11069",2010,344,1
"11070",2011,344,1
"11071",2012,344,1
"11072",2013,344,1
"11073",2014,344,1
"11074",2015,344,1
"11075",2016,344,1
"11082",1981,651,1
"11083",1982,651,1
"11084",1983,651,1
"11085",1984,651,1
"11086",1985,651,1
"11087",1986,651,1
"11088",1987,651,1
"11089",1988,651,1
"11090",1989,651,1
"11091",1990,651,1
"11092",1991,651,1
"11093",1992,651,1
"11094",1993,651,1
"11095",1994,651,1
"11096",1995,651,1
"11097",1996,651,1
"11098",1997,651,1
"11099",1998,651,1
"11100",1999,651,1
"11101",2000,651,1
"11102",2001,651,1
"11103",2002,651,1
"11104",2003,651,1
"11105",2004,651,1
"11106",2005,651,1
"11107",2006,651,1
"11108",2007,651,1
"11109",2008,651,1
"11110",2009,651,1
"11111",2010,651,1
"11112",2011,651,1
"11113",2012,651,1
"11114",2013,651,1
"11115",2014,651,1
"11116",2015,651,1
"11117",2016,651,1
"11228",1992,359,1
"11229",1992,702,1
"11230",1993,702,1
"11231",1994,702,1
"11232",1995,702,1
"11233",1996,702,1
"11234",1997,702,1
"11235",1998,702,1
"11236",1999,702,1
"11237",2000,702,1
"11238",2001,702,1
"11239",2002,702,1
"11240",2003,702,1
"11241",2004,702,1
"11242",2005,702,1
"11243",2006,702,1
"11244",2007,702,1
"11245",2008,702,1
"11246",2009,702,1
"11247",2010,702,1
"11248",2011,702,1
"11249",2012,702,1
"11250",2013,702,1
"11251",2014,702,1
"11252",2015,702,1
"11253",2016,702,1
"11373",1994,70,1
"11375",1995,70,1
"11376",1996,70,1
"11480",1995,436,1
"11481",1997,581,1
"11482",1993,484,1
"11484",1994,484,1
"11485",1995,484,1
"11486",1996,484,1
"11487",1997,484,1
"11488",1998,484,1
"11489",1999,484,1
"11490",2000,484,1
"11491",2001,484,1
"11492",2002,484,1
"11493",2003,484,1
"11494",2004,484,1
"11495",2005,484,1
"11496",2006,484,1
"11497",2007,484,1
"11498",2008,484,1
"11499",2009,484,1
"11500",2010,484,1
"11501",2011,484,1
"11502",2012,484,1
"11503",2013,484,1
"11504",2014,484,1
"11505",2015,484,1
"11506",2016,484,1
"11548",1998,404,1
"11549",1999,404,1
"11550",2000,404,1
"11551",2001,404,1
"11552",2002,404,1
"11553",2003,404,1
"11554",2004,404,1
"11555",2005,404,1
"11556",2006,404,1
"11557",2007,404,1
"11558",2008,404,1
"11559",2009,404,1
"11560",2010,404,1
"11561",2011,404,1
"11562",2012,404,1
"11563",2013,404,1
"11564",2014,404,1
"11565",2015,404,1
"11566",2016,404,1
"11569",1998,570,1
"11776",1999,704,1
"11777",2000,704,1
"11778",2001,704,1
"11779",2002,704,1
"11780",2003,704,1
"11781",2004,704,1
"11782",2005,704,1
"11783",2006,704,1
"11784",2007,704,1
"11785",2008,704,1
"11786",2009,704,1
"11787",2010,704,1
"11788",2011,704,1
"11789",2012,704,1
"11790",2013,704,1
"11791",2014,704,1
"11792",2015,704,1
"11793",2016,704,1
"11802",2001,482,1
"11803",2002,482,1
"11804",2003,482,1
"11805",2004,482,1
"11806",2005,482,1
"11807",2006,482,1
"11808",2007,482,1
"11809",2008,482,1
"11810",2009,482,1
"11811",2010,482,1
"11812",2011,482,1
"11813",2012,482,1
"11814",2013,482,1
"11815",2014,482,1
"11816",2015,482,1
"11817",2016,482,1
"11855",2000,343,1
"11856",2001,343,1
"11859",2001,2,1
"11860",2002,2,1
"11861",2003,2,1
"11862",2004,2,1
"11863",2005,2,1
"11864",2006,2,1
"11865",2007,2,1
"11866",2008,2,1
"11867",2009,2,1
"11868",2010,2,1
"11869",2011,2,1
"11870",2012,2,1
"11871",2013,2,1
"11872",2014,2,1
"11873",2015,2,1
"11874",2016,2,1
"11875",2002,437,1
"11876",2003,437,1
"11877",2004,437,1
"11878",2005,437,1
"11879",2006,437,1
"11880",2007,437,1
"11881",2008,437,1
"11882",2009,437,1
"11883",2010,437,1
"11884",2011,437,1
"11885",2012,437,1
"11886",2013,437,1
"11887",2014,437,1
"11888",2015,437,1
"11889",2016,437,1
"12136",1975,435,1
"12137",1976,435,1
"12138",1977,435,1
"12139",1978,435,1
"12140",1979,435,1
"12141",1980,435,1
"12142",1981,435,1
"12143",1982,435,1
"12144",1983,435,1
"12145",1984,435,1
"12146",1985,435,1
"12147",1986,435,1
"12148",1987,435,1
"12149",1988,435,1
"12150",1989,435,1
"12151",1990,435,1
"12152",1991,435,1
"12153",1992,435,1
"12154",1993,435,1
"12155",1994,435,1
"12156",1995,435,1
"12157",1996,435,1
"12158",1997,435,1
"12159",1998,435,1
"12160",1999,435,1
"12161",2000,435,1
"12162",2001,435,1
"12163",2002,435,1
"12164",2003,435,1
"12165",2004,435,1
"12166",2005,435,1
"12167",2006,435,1
"12168",2007,435,1
"12169",2008,435,1
"12170",2009,435,1
"12171",2010,435,1
"12172",2011,435,1
"12173",2012,435,1
"12174",2013,435,1
"12175",2014,435,1
"12176",2015,435,1
"12177",2016,435,1
"12212",1991,436,1
"12213",1992,436,1
"12214",1993,436,1
"12217",1996,436,1
"12218",1997,436,1
"12219",1998,436,1
"12220",1999,436,1
"12221",2000,436,1
"12222",2001,436,1
"12223",2002,436,1
"12224",2003,436,1
"12225",2004,436,1
"12226",2005,436,1
"12227",2006,436,1
"12228",2007,436,1
"12229",2008,436,1
"12230",2009,436,1
"12231",2010,436,1
"12232",2011,436,1
"12233",2012,436,1
"12234",2013,436,1
"12235",2014,436,1
"12236",2015,436,1
"12237",2016,436,1
"12436",2011,626,1
"12437",2012,626,1
"12438",2013,626,1
"12439",2014,626,1
"12440",2015,626,1
"12441",2016,626,1
"12448",2011,620,1
"12450",2012,620,1
"12451",2013,620,1
"12452",2014,620,1
"12453",2015,620,1
"12454",2016,620,1
"12680",2014,369,1
"12683",2015,369,1
"12684",2016,369,1
"12753",2015,501,1
"12754",2016,501,1
"12772",2016,663,1
