"","year","ccode","intlwar"
"1",1946,220,1
"2",1946,339,1
"3",1948,750,1
"5",1949,750,1
"6",1950,750,1
"7",1951,750,1
"8",1952,750,1
"9",1953,750,1
"10",1954,750,1
"11",1955,750,1
"12",1956,750,1
"13",1957,750,1
"14",1958,750,1
"15",1959,750,1
"16",1960,750,1
"17",1961,750,1
"18",1962,750,1
"19",1963,750,1
"20",1964,750,1
"21",1965,750,1
"22",1966,750,1
"23",1967,750,1
"24",1968,750,1
"25",1969,750,1
"26",1970,750,1
"27",1971,750,1
"28",1972,750,1
"29",1973,750,1
"30",1974,750,1
"31",1975,750,1
"32",1976,750,1
"33",1977,750,1
"34",1978,750,1
"35",1979,750,1
"36",1980,750,1
"37",1981,750,1
"38",1982,750,1
"39",1983,750,1
"40",1984,750,1
"41",1985,750,1
"42",1986,750,1
"43",1987,750,1
"44",1988,750,1
"45",1989,750,1
"46",1990,750,1
"47",1991,750,1
"48",1992,750,1
"49",1993,750,1
"50",1994,750,1
"51",1995,750,1
"52",1996,750,1
"53",1997,750,1
"54",1998,750,1
"55",1999,750,1
"56",2000,750,1
"57",2001,750,1
"58",2002,750,1
"59",2003,750,1
"60",2004,750,1
"61",2005,750,1
"62",2006,750,1
"63",2007,750,1
"64",2008,750,1
"65",2009,750,1
"66",2010,750,1
"67",2011,750,1
"68",2012,750,1
"69",2013,750,1
"70",2014,750,1
"71",2015,750,1
"72",2016,750,1
"294",1948,651,1
"295",1949,651,1
"296",1950,651,1
"297",1951,651,1
"298",1952,651,1
"299",1953,651,1
"300",1954,651,1
"301",1955,651,1
"302",1956,651,1
"303",1957,651,1
"304",1958,651,1
"305",1959,651,1
"306",1960,651,1
"307",1961,651,1
"308",1962,651,1
"309",1963,651,1
"310",1964,651,1
"311",1965,651,1
"312",1966,651,1
"313",1967,651,1
"314",1968,651,1
"315",1969,651,1
"316",1970,651,1
"317",1971,651,1
"318",1972,651,1
"319",1973,651,1
"320",1974,651,1
"321",1975,651,1
"322",1976,651,1
"323",1977,651,1
"324",1978,651,1
"325",1979,651,1
"326",1980,651,1
"327",1981,651,1
"328",1982,651,1
"329",1983,651,1
"330",1984,651,1
"331",1985,651,1
"332",1986,651,1
"333",1987,651,1
"334",1988,651,1
"335",1989,651,1
"336",1990,651,1
"337",1991,651,1
"338",1992,651,1
"339",1993,651,1
"340",1994,651,1
"341",1995,651,1
"342",1996,651,1
"343",1997,651,1
"344",1998,651,1
"345",1999,651,1
"346",2000,651,1
"347",2001,651,1
"348",2002,651,1
"349",2003,651,1
"350",2004,651,1
"351",2005,651,1
"352",2006,651,1
"353",2007,651,1
"354",2008,651,1
"355",2009,651,1
"356",2010,651,1
"357",2011,651,1
"358",2012,651,1
"359",2013,651,1
"360",2014,651,1
"361",2015,651,1
"362",2016,651,1
"363",1948,645,1
"364",1949,645,1
"365",1950,645,1
"366",1951,645,1
"367",1952,645,1
"368",1953,645,1
"369",1954,645,1
"370",1955,645,1
"371",1956,645,1
"372",1957,645,1
"373",1958,645,1
"374",1959,645,1
"375",1960,645,1
"376",1961,645,1
"377",1962,645,1
"378",1963,645,1
"379",1964,645,1
"380",1965,645,1
"381",1966,645,1
"382",1967,645,1
"383",1968,645,1
"384",1969,645,1
"385",1970,645,1
"386",1971,645,1
"387",1972,645,1
"388",1973,645,1
"389",1974,645,1
"390",1975,645,1
"391",1976,645,1
"392",1977,645,1
"393",1978,645,1
"394",1979,645,1
"395",1980,645,1
"396",1981,645,1
"397",1982,645,1
"398",1983,645,1
"399",1984,645,1
"400",1985,645,1
"401",1986,645,1
"402",1987,645,1
"403",1988,645,1
"404",1989,645,1
"405",1990,645,1
"406",1991,645,1
"407",1992,645,1
"408",1993,645,1
"409",1994,645,1
"410",1995,645,1
"411",1996,645,1
"412",1997,645,1
"413",1998,645,1
"414",1999,645,1
"415",2000,645,1
"416",2001,645,1
"417",2002,645,1
"418",2003,645,1
"419",2004,645,1
"420",2005,645,1
"421",2006,645,1
"422",2007,645,1
"423",2008,645,1
"424",2009,645,1
"425",2010,645,1
"426",2011,645,1
"427",2012,645,1
"428",2013,645,1
"429",2014,645,1
"430",2015,645,1
"431",2016,645,1
"432",1948,663,1
"433",1949,663,1
"434",1950,663,1
"435",1951,663,1
"436",1952,663,1
"437",1953,663,1
"438",1954,663,1
"439",1955,663,1
"440",1956,663,1
"441",1957,663,1
"442",1958,663,1
"443",1959,663,1
"444",1960,663,1
"445",1961,663,1
"446",1962,663,1
"447",1963,663,1
"448",1964,663,1
"449",1965,663,1
"450",1966,663,1
"451",1967,663,1
"452",1968,663,1
"453",1969,663,1
"454",1970,663,1
"455",1971,663,1
"456",1972,663,1
"457",1973,663,1
"458",1974,663,1
"459",1975,663,1
"460",1976,663,1
"461",1977,663,1
"462",1978,663,1
"463",1979,663,1
"464",1980,663,1
"465",1981,663,1
"466",1982,663,1
"467",1983,663,1
"468",1984,663,1
"469",1985,663,1
"470",1986,663,1
"471",1987,663,1
"472",1988,663,1
"473",1989,663,1
"474",1990,663,1
"475",1991,663,1
"476",1992,663,1
"477",1993,663,1
"478",1994,663,1
"479",1995,663,1
"480",1996,663,1
"481",1997,663,1
"482",1998,663,1
"483",1999,663,1
"484",2000,663,1
"485",2001,663,1
"486",2002,663,1
"487",2003,663,1
"488",2004,663,1
"489",2005,663,1
"490",2006,663,1
"491",2007,663,1
"492",2008,663,1
"493",2009,663,1
"494",2010,663,1
"495",2011,663,1
"496",2012,663,1
"497",2013,663,1
"498",2014,663,1
"499",2015,663,1
"500",2016,663,1
"501",1948,660,1
"502",1949,660,1
"503",1950,660,1
"504",1951,660,1
"505",1952,660,1
"506",1953,660,1
"507",1954,660,1
"508",1955,660,1
"509",1956,660,1
"510",1957,660,1
"511",1958,660,1
"512",1959,660,1
"513",1960,660,1
"514",1961,660,1
"515",1962,660,1
"516",1963,660,1
"517",1964,660,1
"518",1965,660,1
"519",1966,660,1
"520",1967,660,1
"521",1968,660,1
"522",1969,660,1
"523",1970,660,1
"524",1971,660,1
"525",1972,660,1
"526",1973,660,1
"527",1974,660,1
"528",1975,660,1
"529",1976,660,1
"530",1977,660,1
"531",1978,660,1
"532",1979,660,1
"533",1980,660,1
"534",1981,660,1
"535",1982,660,1
"536",1983,660,1
"537",1984,660,1
"538",1985,660,1
"539",1986,660,1
"540",1987,660,1
"541",1988,660,1
"542",1989,660,1
"543",1990,660,1
"544",1991,660,1
"545",1992,660,1
"546",1993,660,1
"547",1994,660,1
"548",1995,660,1
"549",1996,660,1
"550",1997,660,1
"551",1998,660,1
"552",1999,660,1
"553",2000,660,1
"554",2001,660,1
"555",2002,660,1
"556",2003,660,1
"557",2004,660,1
"558",2005,660,1
"559",2006,660,1
"560",2007,660,1
"561",2008,660,1
"562",2009,660,1
"563",2010,660,1
"564",2011,660,1
"565",2012,660,1
"566",2013,660,1
"567",2014,660,1
"568",2015,660,1
"569",2016,660,1
"570",1948,652,1
"571",1949,652,1
"572",1950,652,1
"573",1951,652,1
"574",1952,652,1
"575",1953,652,1
"576",1954,652,1
"577",1955,652,1
"578",1956,652,1
"579",1957,652,1
"580",1958,652,1
"581",1959,652,1
"582",1960,652,1
"583",1961,652,1
"584",1962,652,1
"585",1963,652,1
"586",1964,652,1
"587",1965,652,1
"588",1966,652,1
"589",1967,652,1
"590",1968,652,1
"591",1969,652,1
"592",1970,652,1
"593",1971,652,1
"594",1972,652,1
"595",1973,652,1
"596",1974,652,1
"597",1975,652,1
"598",1976,652,1
"599",1977,652,1
"600",1978,652,1
"601",1979,652,1
"602",1980,652,1
"603",1981,652,1
"604",1982,652,1
"605",1983,652,1
"606",1984,652,1
"607",1985,652,1
"608",1986,652,1
"609",1987,652,1
"610",1988,652,1
"611",1989,652,1
"612",1990,652,1
"613",1991,652,1
"614",1992,652,1
"615",1993,652,1
"616",1994,652,1
"617",1995,652,1
"618",1996,652,1
"619",1997,652,1
"620",1998,652,1
"621",1999,652,1
"622",2000,652,1
"623",2001,652,1
"624",2002,652,1
"625",2003,652,1
"626",2004,652,1
"627",2005,652,1
"628",2006,652,1
"629",2007,652,1
"630",2008,652,1
"631",2009,652,1
"632",2010,652,1
"633",2011,652,1
"634",2012,652,1
"635",2013,652,1
"636",2014,652,1
"637",2015,652,1
"638",2016,652,1
"649",1949,710,1
"650",1950,710,1
"651",1951,710,1
"652",1952,710,1
"653",1953,710,1
"654",1954,710,1
"655",1955,710,1
"656",1956,710,1
"657",1957,710,1
"658",1958,710,1
"659",1959,710,1
"660",1960,710,1
"661",1961,710,1
"662",1962,710,1
"663",1963,710,1
"664",1964,710,1
"665",1965,710,1
"666",1966,710,1
"667",1967,710,1
"668",1968,710,1
"669",1969,710,1
"670",1970,710,1
"671",1971,710,1
"672",1972,710,1
"673",1973,710,1
"674",1974,710,1
"675",1975,710,1
"676",1976,710,1
"677",1977,710,1
"678",1978,710,1
"679",1979,710,1
"680",1980,710,1
"681",1981,710,1
"682",1982,710,1
"683",1983,710,1
"684",1984,710,1
"685",1985,710,1
"686",1986,710,1
"687",1987,710,1
"688",1988,710,1
"689",1989,710,1
"690",1990,710,1
"691",1991,710,1
"692",1992,710,1
"693",1993,710,1
"694",1994,710,1
"695",1995,710,1
"696",1996,710,1
"697",1997,710,1
"698",1998,710,1
"699",1999,710,1
"700",2000,710,1
"701",2001,710,1
"702",2002,710,1
"703",2003,710,1
"704",2004,710,1
"705",2005,710,1
"706",2006,710,1
"707",2007,710,1
"708",2008,710,1
"709",2009,710,1
"710",2010,710,1
"711",2011,710,1
"712",2012,710,1
"713",2013,710,1
"714",2014,710,1
"715",2015,710,1
"716",2016,710,1
"735",1949,731,1
"736",1950,731,1
"737",1951,731,1
"738",1952,731,1
"739",1953,731,1
"740",1954,731,1
"741",1955,731,1
"742",1956,731,1
"743",1957,731,1
"744",1958,731,1
"745",1959,731,1
"746",1960,731,1
"747",1961,731,1
"748",1962,731,1
"749",1963,731,1
"750",1964,731,1
"751",1965,731,1
"752",1966,731,1
"753",1967,731,1
"754",1968,731,1
"755",1969,731,1
"756",1970,731,1
"757",1971,731,1
"758",1972,731,1
"759",1973,731,1
"760",1974,731,1
"761",1975,731,1
"762",1976,731,1
"763",1977,731,1
"764",1978,731,1
"765",1979,731,1
"766",1980,731,1
"767",1981,731,1
"768",1982,731,1
"769",1983,731,1
"770",1984,731,1
"771",1985,731,1
"772",1986,731,1
"773",1987,731,1
"774",1988,731,1
"775",1989,731,1
"776",1990,731,1
"777",1991,731,1
"778",1992,731,1
"779",1993,731,1
"780",1994,731,1
"781",1995,731,1
"782",1996,731,1
"783",1997,731,1
"784",1998,731,1
"785",1999,731,1
"786",2000,731,1
"787",2001,731,1
"788",2002,731,1
"789",2003,731,1
"790",2004,731,1
"791",2005,731,1
"792",2006,731,1
"793",2007,731,1
"794",2008,731,1
"795",2009,731,1
"796",2010,731,1
"797",2011,731,1
"798",2012,731,1
"799",2013,731,1
"800",2014,731,1
"801",2015,731,1
"802",2016,731,1
"876",1956,310,1
"877",1956,220,1
"878",1956,666,1
"879",1956,200,1
"880",1957,91,1
"881",1964,530,1
"883",1965,530,1
"884",1966,530,1
"885",1967,530,1
"886",1968,530,1
"887",1969,530,1
"888",1970,530,1
"889",1971,530,1
"890",1972,530,1
"891",1973,530,1
"892",1974,530,1
"893",1975,530,1
"894",1976,530,1
"895",1977,530,1
"896",1978,530,1
"897",1979,530,1
"898",1980,530,1
"899",1981,530,1
"900",1982,530,1
"901",1983,530,1
"902",1984,530,1
"903",1985,530,1
"904",1986,530,1
"905",1987,530,1
"906",1988,530,1
"907",1989,530,1
"908",1990,530,1
"909",1991,530,1
"910",1992,530,1
"911",1993,530,1
"912",1994,530,1
"913",1995,530,1
"914",1996,530,1
"915",1997,530,1
"916",1998,530,1
"917",1999,530,1
"918",2000,530,1
"919",2001,530,1
"920",2002,530,1
"921",2003,530,1
"922",2004,530,1
"923",2005,530,1
"924",2006,530,1
"925",2007,530,1
"926",2008,530,1
"927",2009,530,1
"928",2010,530,1
"929",2011,530,1
"930",2012,530,1
"931",2013,530,1
"932",2014,530,1
"933",2015,530,1
"934",2016,530,1
"967",1961,220,1
"981",1962,850,1
"982",1963,615,1
"984",1963,850,1
"985",1964,850,1
"986",1965,850,1
"987",1966,850,1
"988",1967,850,1
"989",1968,850,1
"990",1969,850,1
"991",1970,850,1
"992",1971,850,1
"993",1972,850,1
"994",1973,850,1
"995",1974,850,1
"996",1975,850,1
"997",1976,850,1
"998",1977,850,1
"999",1978,850,1
"1000",1979,850,1
"1001",1980,850,1
"1002",1981,850,1
"1003",1982,850,1
"1004",1983,850,1
"1005",1984,850,1
"1006",1985,850,1
"1007",1986,850,1
"1008",1987,850,1
"1009",1988,850,1
"1010",1989,850,1
"1011",1990,850,1
"1012",1991,850,1
"1013",1992,850,1
"1014",1993,850,1
"1015",1994,850,1
"1016",1995,850,1
"1017",1996,850,1
"1018",1997,850,1
"1019",1998,850,1
"1020",1999,850,1
"1021",2000,850,1
"1022",2001,850,1
"1023",2002,850,1
"1024",2003,850,1
"1025",2004,850,1
"1026",2005,850,1
"1027",2006,850,1
"1028",2007,850,1
"1029",2008,850,1
"1030",2009,850,1
"1031",2010,850,1
"1032",2011,850,1
"1033",2012,850,1
"1034",2013,850,1
"1035",2014,850,1
"1036",2015,850,1
"1037",2016,850,1
"1043",1965,817,1
"1044",1966,817,1
"1045",1967,817,1
"1046",1968,817,1
"1047",1969,817,1
"1048",1970,817,1
"1049",1971,817,1
"1050",1972,817,1
"1051",1973,817,1
"1052",1974,817,1
"1053",1975,817,1
"1054",1976,817,1
"1055",1977,817,1
"1056",1978,817,1
"1057",1979,817,1
"1058",1980,817,1
"1059",1981,817,1
"1060",1982,817,1
"1061",1983,817,1
"1062",1984,817,1
"1063",1985,817,1
"1064",1986,817,1
"1065",1987,817,1
"1066",1988,817,1
"1067",1989,817,1
"1068",1990,817,1
"1069",1991,817,1
"1070",1992,817,1
"1071",1993,817,1
"1072",1994,817,1
"1073",1995,817,1
"1074",1996,817,1
"1075",1997,817,1
"1076",1998,817,1
"1077",1999,817,1
"1078",2000,817,1
"1079",2001,817,1
"1080",2002,817,1
"1081",2003,817,1
"1082",2004,817,1
"1083",2005,817,1
"1084",2006,817,1
"1085",2007,817,1
"1086",2008,817,1
"1087",2009,817,1
"1088",2010,817,1
"1089",2011,817,1
"1090",2012,817,1
"1091",2013,817,1
"1092",2014,817,1
"1093",2015,817,1
"1094",2016,817,1
"1106",1975,811,1
"1107",1976,811,1
"1108",1977,811,1
"1109",1978,811,1
"1110",1979,811,1
"1111",1980,811,1
"1112",1981,811,1
"1113",1982,811,1
"1114",1983,811,1
"1115",1984,811,1
"1116",1985,811,1
"1117",1986,811,1
"1118",1987,811,1
"1119",1988,811,1
"1120",1989,811,1
"1121",1990,811,1
"1122",1991,811,1
"1123",1992,811,1
"1124",1993,811,1
"1125",1994,811,1
"1126",1995,811,1
"1127",1996,811,1
"1128",1997,811,1
"1129",1998,811,1
"1130",1999,811,1
"1131",2000,811,1
"1132",2001,811,1
"1133",2002,811,1
"1134",2003,811,1
"1135",2004,811,1
"1136",2005,811,1
"1137",2006,811,1
"1138",2007,811,1
"1139",2008,811,1
"1140",2009,811,1
"1141",2010,811,1
"1142",2011,811,1
"1143",2012,811,1
"1144",2013,811,1
"1145",2014,811,1
"1146",2015,811,1
"1147",2016,811,1
"1189",1967,666,1
"1191",1968,666,1
"1192",1969,666,1
"1193",1970,666,1
"1194",1971,666,1
"1195",1972,666,1
"1196",1973,666,1
"1198",1969,92,1
"1199",1972,680,1
"1201",1973,680,1
"1202",1974,680,1
"1203",1975,680,1
"1204",1976,680,1
"1205",1977,680,1
"1206",1978,680,1
"1207",1979,680,1
"1208",1974,352,1
"1209",1972,630,1
"1210",1973,630,1
"1211",1974,630,1
"1215",1975,630,1
"1216",1976,630,1
"1217",1977,630,1
"1218",1978,630,1
"1219",1979,630,1
"1220",1980,630,1
"1221",1981,630,1
"1222",1982,630,1
"1223",1983,630,1
"1224",1984,630,1
"1225",1985,630,1
"1226",1986,630,1
"1227",1987,630,1
"1228",1988,630,1
"1229",1989,630,1
"1230",1990,630,1
"1231",1991,630,1
"1232",1992,630,1
"1233",1993,630,1
"1234",1994,630,1
"1235",1995,630,1
"1236",1996,630,1
"1237",1997,630,1
"1238",1998,630,1
"1239",1999,630,1
"1240",2000,630,1
"1241",2001,630,1
"1242",2002,630,1
"1243",2003,630,1
"1244",2004,630,1
"1245",2005,630,1
"1246",2006,630,1
"1247",2007,630,1
"1248",2008,630,1
"1249",2009,630,1
"1250",2010,630,1
"1251",2011,630,1
"1252",2012,630,1
"1253",2013,630,1
"1254",2014,630,1
"1255",2015,630,1
"1256",2016,630,1
"1355",1982,160,1
"1356",1983,483,1
"1357",1983,55,1
"1358",1985,439,1
"1359",1982,812,1
"1360",1983,812,1
"1361",1984,812,1
"1362",1985,812,1
"1363",1986,812,1
"1364",1987,812,1
"1365",1988,812,1
"1366",1989,812,1
"1367",1990,812,1
"1368",1991,812,1
"1369",1992,812,1
"1370",1993,812,1
"1371",1994,812,1
"1372",1995,812,1
"1373",1996,812,1
"1374",1997,812,1
"1375",1998,812,1
"1376",1999,812,1
"1377",2000,812,1
"1378",2001,812,1
"1379",2002,812,1
"1380",2003,812,1
"1381",2004,812,1
"1382",2005,812,1
"1383",2006,812,1
"1384",2007,812,1
"1385",2008,812,1
"1386",2009,812,1
"1387",2010,812,1
"1388",2011,812,1
"1389",2012,812,1
"1390",2013,812,1
"1391",2014,812,1
"1392",2015,812,1
"1393",2016,812,1
"1401",1987,483,1
"1402",1989,95,1
"1432",1995,130,1
"1433",1994,471,1
"1434",1995,471,1
"1435",1996,471,1
"1436",1998,531,1
"1437",1999,531,1
"1438",2000,531,1
"1439",2001,531,1
"1440",2002,531,1
"1441",2003,531,1
"1442",2004,531,1
"1443",2005,531,1
"1444",2006,531,1
"1445",2007,531,1
"1446",2008,531,1
"1447",2009,531,1
"1448",2010,531,1
"1449",2011,531,1
"1450",2012,531,1
"1451",2013,531,1
"1452",2014,531,1
"1453",2015,531,1
"1454",2016,531,1
"1458",2003,900,1
"1459",2003,200,1
"1460",2003,2,1
"1461",1978,510,1
"1462",1979,700,1
"1463",2008,522,1
"1526",2012,626,1
"1527",2001,700,1
"1528",1946,800,1
"1529",1946,200,1
"1530",1948,770,1
"1532",1949,770,1
"1533",1950,770,1
"1534",1951,770,1
"1535",1952,770,1
"1536",1953,770,1
"1537",1954,770,1
"1538",1955,770,1
"1539",1956,770,1
"1540",1957,770,1
"1541",1958,770,1
"1542",1959,770,1
"1543",1960,770,1
"1544",1961,770,1
"1545",1962,770,1
"1546",1963,770,1
"1547",1964,770,1
"1548",1965,770,1
"1549",1966,770,1
"1550",1967,770,1
"1551",1968,770,1
"1552",1969,770,1
"1553",1970,770,1
"1554",1971,770,1
"1555",1972,770,1
"1556",1973,770,1
"1557",1974,770,1
"1558",1975,770,1
"1559",1976,770,1
"1560",1977,770,1
"1561",1978,770,1
"1562",1979,770,1
"1563",1980,770,1
"1564",1981,770,1
"1565",1982,770,1
"1566",1983,770,1
"1567",1984,770,1
"1568",1985,770,1
"1569",1986,770,1
"1570",1987,770,1
"1571",1988,770,1
"1572",1989,770,1
"1573",1990,770,1
"1574",1991,770,1
"1575",1992,770,1
"1576",1993,770,1
"1577",1994,770,1
"1578",1995,770,1
"1579",1996,770,1
"1580",1997,770,1
"1581",1998,770,1
"1582",1999,770,1
"1583",2000,770,1
"1584",2001,770,1
"1585",2002,770,1
"1586",2003,770,1
"1587",2004,770,1
"1588",2005,770,1
"1589",2006,770,1
"1590",2007,770,1
"1591",2008,770,1
"1592",2009,770,1
"1593",2010,770,1
"1594",2011,770,1
"1595",2012,770,1
"1596",2013,770,1
"1597",2014,770,1
"1598",2015,770,1
"1599",2016,770,1
"1820",1948,666,1
"1821",1949,666,1
"1822",1950,666,1
"1823",1951,666,1
"1824",1952,666,1
"1825",1953,666,1
"1826",1954,666,1
"1827",1955,666,1
"1829",1957,666,1
"1830",1958,666,1
"1831",1959,666,1
"1832",1960,666,1
"1833",1961,666,1
"1834",1962,666,1
"1835",1963,666,1
"1836",1964,666,1
"1837",1965,666,1
"1838",1966,666,1
"1846",1974,666,1
"1847",1975,666,1
"1848",1976,666,1
"1849",1977,666,1
"1850",1978,666,1
"1851",1979,666,1
"1852",1980,666,1
"1853",1981,666,1
"1854",1982,666,1
"1855",1983,666,1
"1856",1984,666,1
"1857",1985,666,1
"1858",1986,666,1
"1859",1987,666,1
"1860",1988,666,1
"1861",1989,666,1
"1862",1990,666,1
"1863",1991,666,1
"1864",1992,666,1
"1865",1993,666,1
"1866",1994,666,1
"1867",1995,666,1
"1868",1996,666,1
"1869",1997,666,1
"1870",1998,666,1
"1871",1999,666,1
"1872",2000,666,1
"1873",2001,666,1
"1874",2002,666,1
"1875",2003,666,1
"1876",2004,666,1
"1877",2005,666,1
"1878",2006,666,1
"1879",2007,666,1
"1880",2008,666,1
"1881",2009,666,1
"1882",2010,666,1
"1883",2011,666,1
"1884",2012,666,1
"1885",2013,666,1
"1886",2014,666,1
"1887",2015,666,1
"1888",2016,666,1
"1891",1949,713,1
"1892",1950,713,1
"1893",1951,713,1
"1894",1952,713,1
"1895",1953,713,1
"1896",1954,713,1
"1897",1955,713,1
"1898",1956,713,1
"1899",1957,713,1
"1900",1958,713,1
"1901",1959,713,1
"1902",1960,713,1
"1903",1961,713,1
"1904",1962,713,1
"1905",1963,713,1
"1906",1964,713,1
"1907",1965,713,1
"1908",1966,713,1
"1909",1967,713,1
"1910",1968,713,1
"1911",1969,713,1
"1912",1970,713,1
"1913",1971,713,1
"1914",1972,713,1
"1915",1973,713,1
"1916",1974,713,1
"1917",1975,713,1
"1918",1976,713,1
"1919",1977,713,1
"1920",1978,713,1
"1921",1979,713,1
"1922",1980,713,1
"1923",1981,713,1
"1924",1982,713,1
"1925",1983,713,1
"1926",1984,713,1
"1927",1985,713,1
"1928",1986,713,1
"1929",1987,713,1
"1930",1988,713,1
"1931",1989,713,1
"1932",1990,713,1
"1933",1991,713,1
"1934",1992,713,1
"1935",1993,713,1
"1936",1994,713,1
"1937",1995,713,1
"1938",1996,713,1
"1939",1997,713,1
"1940",1998,713,1
"1941",1999,713,1
"1942",2000,713,1
"1943",2001,713,1
"1944",2002,713,1
"1945",2003,713,1
"1946",2004,713,1
"1947",2005,713,1
"1948",2006,713,1
"1949",2007,713,1
"1950",2008,713,1
"1951",2009,713,1
"1952",2010,713,1
"1953",2011,713,1
"1954",2012,713,1
"1955",2013,713,1
"1956",2014,713,1
"1957",2015,713,1
"1958",2016,713,1
"1977",1949,732,1
"1978",1950,732,1
"1979",1951,732,1
"1980",1952,732,1
"1981",1953,732,1
"1982",1954,732,1
"1983",1955,732,1
"1984",1956,732,1
"1985",1957,732,1
"1986",1958,732,1
"1987",1959,732,1
"1988",1960,732,1
"1989",1961,732,1
"1990",1962,732,1
"1991",1963,732,1
"1992",1964,732,1
"1993",1965,732,1
"1994",1966,732,1
"1995",1967,732,1
"1996",1968,732,1
"1997",1969,732,1
"1998",1970,732,1
"1999",1971,732,1
"2000",1972,732,1
"2001",1973,732,1
"2002",1974,732,1
"2003",1975,732,1
"2004",1976,732,1
"2005",1977,732,1
"2006",1978,732,1
"2007",1979,732,1
"2008",1980,732,1
"2009",1981,732,1
"2010",1982,732,1
"2011",1983,732,1
"2012",1984,732,1
"2013",1985,732,1
"2014",1986,732,1
"2015",1987,732,1
"2016",1988,732,1
"2017",1989,732,1
"2018",1990,732,1
"2019",1991,732,1
"2020",1992,732,1
"2021",1993,732,1
"2022",1994,732,1
"2023",1995,732,1
"2024",1996,732,1
"2025",1997,732,1
"2026",1998,732,1
"2027",1999,732,1
"2028",2000,732,1
"2029",2001,732,1
"2030",2002,732,1
"2031",2003,732,1
"2032",2004,732,1
"2033",2005,732,1
"2034",2006,732,1
"2035",2007,732,1
"2036",2008,732,1
"2037",2009,732,1
"2038",2010,732,1
"2039",2011,732,1
"2040",2012,732,1
"2041",2013,732,1
"2042",2014,732,1
"2043",2015,732,1
"2044",2016,732,1
"2050",1951,200,1
"2051",1952,200,1
"2052",1953,200,1
"2053",1954,200,1
"2054",1955,200,1
"2056",1957,200,1
"2057",1958,200,1
"2058",1959,200,1
"2059",1960,200,1
"2060",1961,200,1
"2061",1962,200,1
"2062",1963,200,1
"2063",1964,200,1
"2064",1965,200,1
"2065",1966,200,1
"2066",1967,200,1
"2067",1968,200,1
"2068",1969,200,1
"2069",1970,200,1
"2070",1971,200,1
"2071",1972,200,1
"2072",1973,200,1
"2073",1974,200,1
"2074",1975,200,1
"2075",1976,200,1
"2076",1977,200,1
"2077",1978,200,1
"2078",1979,200,1
"2079",1980,200,1
"2080",1981,200,1
"2081",1982,200,1
"2082",1983,200,1
"2083",1984,200,1
"2084",1985,200,1
"2085",1986,200,1
"2086",1987,200,1
"2087",1988,200,1
"2088",1989,200,1
"2089",1990,200,1
"2090",1991,200,1
"2091",1992,200,1
"2092",1993,200,1
"2093",1994,200,1
"2094",1995,200,1
"2095",1996,200,1
"2096",1997,200,1
"2097",1998,200,1
"2098",1999,200,1
"2099",2000,200,1
"2100",2001,200,1
"2101",2002,200,1
"2103",2004,200,1
"2104",2005,200,1
"2105",2006,200,1
"2106",2007,200,1
"2107",2008,200,1
"2108",2009,200,1
"2109",2010,200,1
"2110",2011,200,1
"2111",2012,200,1
"2112",2013,200,1
"2113",2014,200,1
"2114",2015,200,1
"2115",2016,200,1
"2118",1956,365,1
"2120",1957,93,1
"2121",1964,520,1
"2123",1965,520,1
"2124",1966,520,1
"2125",1967,520,1
"2126",1968,520,1
"2127",1969,520,1
"2128",1970,520,1
"2129",1971,520,1
"2130",1972,520,1
"2131",1973,520,1
"2132",1974,520,1
"2133",1975,520,1
"2134",1976,520,1
"2135",1977,520,1
"2136",1978,520,1
"2137",1979,520,1
"2138",1980,520,1
"2139",1981,520,1
"2140",1982,520,1
"2141",1983,520,1
"2142",1984,520,1
"2143",1985,520,1
"2144",1986,520,1
"2145",1987,520,1
"2146",1988,520,1
"2147",1989,520,1
"2148",1990,520,1
"2149",1991,520,1
"2150",1992,520,1
"2151",1993,520,1
"2152",1994,520,1
"2153",1995,520,1
"2154",1996,520,1
"2155",1997,520,1
"2156",1998,520,1
"2157",1999,520,1
"2158",2000,520,1
"2159",2001,520,1
"2160",2002,520,1
"2161",2003,520,1
"2162",2004,520,1
"2163",2005,520,1
"2164",2006,520,1
"2165",2007,520,1
"2166",2008,520,1
"2167",2009,520,1
"2168",2010,520,1
"2169",2011,520,1
"2170",2012,520,1
"2171",2013,520,1
"2172",2014,520,1
"2173",2015,520,1
"2174",2016,520,1
"2207",1961,616,1
"2221",1962,210,1
"2222",1963,600,1
"2223",1962,820,1
"2224",1963,820,1
"2225",1964,820,1
"2226",1965,820,1
"2227",1966,820,1
"2228",1967,820,1
"2229",1968,820,1
"2230",1969,820,1
"2231",1970,820,1
"2232",1971,820,1
"2233",1972,820,1
"2234",1973,820,1
"2235",1974,820,1
"2236",1975,820,1
"2237",1976,820,1
"2238",1977,820,1
"2239",1978,820,1
"2240",1979,820,1
"2241",1980,820,1
"2242",1981,820,1
"2243",1982,820,1
"2244",1983,820,1
"2245",1984,820,1
"2246",1985,820,1
"2247",1986,820,1
"2248",1987,820,1
"2249",1988,820,1
"2250",1989,820,1
"2251",1990,820,1
"2252",1991,820,1
"2253",1992,820,1
"2254",1993,820,1
"2255",1994,820,1
"2256",1995,820,1
"2257",1996,820,1
"2258",1997,820,1
"2259",1998,820,1
"2260",1999,820,1
"2261",2000,820,1
"2262",2001,820,1
"2263",2002,820,1
"2264",2003,820,1
"2265",2004,820,1
"2266",2005,820,1
"2267",2006,820,1
"2268",2007,820,1
"2269",2008,820,1
"2270",2009,820,1
"2271",2010,820,1
"2272",2011,820,1
"2273",2012,820,1
"2274",2013,820,1
"2275",2014,820,1
"2276",2015,820,1
"2277",2016,820,1
"2283",1965,816,1
"2284",1966,816,1
"2285",1967,816,1
"2286",1968,816,1
"2287",1969,816,1
"2288",1970,816,1
"2289",1971,816,1
"2290",1972,816,1
"2291",1973,816,1
"2292",1974,816,1
"2293",1975,816,1
"2294",1976,816,1
"2295",1977,816,1
"2296",1978,816,1
"2297",1979,816,1
"2298",1980,816,1
"2299",1981,816,1
"2300",1982,816,1
"2301",1983,816,1
"2302",1984,816,1
"2303",1985,816,1
"2304",1986,816,1
"2305",1987,816,1
"2306",1988,816,1
"2307",1989,816,1
"2308",1990,816,1
"2309",1991,816,1
"2310",1992,816,1
"2311",1993,816,1
"2312",1994,816,1
"2313",1995,816,1
"2314",1996,816,1
"2315",1997,816,1
"2316",1998,816,1
"2317",1999,816,1
"2318",2000,816,1
"2319",2001,816,1
"2320",2002,816,1
"2321",2003,816,1
"2322",2004,816,1
"2323",2005,816,1
"2324",2006,816,1
"2325",2007,816,1
"2326",2008,816,1
"2327",2009,816,1
"2328",2010,816,1
"2329",2011,816,1
"2330",2012,816,1
"2331",2013,816,1
"2332",2014,816,1
"2333",2015,816,1
"2334",2016,816,1
"2346",1975,800,1
"2347",1976,800,1
"2348",1977,800,1
"2349",1978,800,1
"2350",1979,800,1
"2351",1980,800,1
"2352",1981,800,1
"2353",1982,800,1
"2354",1983,800,1
"2355",1984,800,1
"2356",1985,800,1
"2357",1986,800,1
"2358",1987,800,1
"2359",1988,800,1
"2360",1989,800,1
"2361",1990,800,1
"2362",1991,800,1
"2363",1992,800,1
"2364",1993,800,1
"2365",1994,800,1
"2366",1995,800,1
"2367",1996,800,1
"2368",1997,800,1
"2369",1998,800,1
"2370",1999,800,1
"2371",2000,800,1
"2372",2001,800,1
"2373",2002,800,1
"2374",2003,800,1
"2375",2004,800,1
"2376",2005,800,1
"2377",2006,800,1
"2378",2007,800,1
"2379",2008,800,1
"2380",2009,800,1
"2381",2010,800,1
"2382",2011,800,1
"2383",2012,800,1
"2384",2013,800,1
"2385",2014,800,1
"2386",2015,800,1
"2387",2016,800,1
"2438",1969,775,1
"2439",1969,365,1
"2440",1969,91,1
"2441",1972,678,1
"2443",1973,678,1
"2444",1974,678,1
"2445",1975,678,1
"2446",1976,678,1
"2447",1977,678,1
"2448",1978,678,1
"2449",1979,678,1
"2450",1974,640,1
"2640",1983,475,1
"2641",1983,2,1
"2642",1985,432,1
"2685",1987,620,1
"2686",1989,2,1
"2687",1990,690,1
"2688",1991,690,1
"2689",1992,690,1
"2690",1993,690,1
"2691",1994,690,1
"2692",1995,690,1
"2693",1996,690,1
"2694",1997,690,1
"2695",1998,690,1
"2696",1999,690,1
"2697",2000,690,1
"2698",2001,690,1
"2699",2002,690,1
"2700",2003,690,1
"2701",2004,690,1
"2702",2005,690,1
"2703",2006,690,1
"2704",2007,690,1
"2705",2008,690,1
"2706",2009,690,1
"2707",2010,690,1
"2708",2011,690,1
"2709",2012,690,1
"2710",2013,690,1
"2711",2014,690,1
"2712",2015,690,1
"2713",2016,690,1
"2716",1995,135,1
"2717",1994,475,1
"2718",1995,475,1
"2719",1996,475,1
"2743",1978,500,1
"2744",1979,365,1
"2800",2012,625,1
"2802",2001,2,1
